ticker,trailingPE,priceToBook,revenueGrowth,returnOnEquity,debtToEquity,trailingEps,marketCap,sector,shortName
MMM,30.504818,25.306906,0.013,0.71458,396.497,5.19,82574532608.0,Industrials,3M Company
AOS,15.754667,4.336147,-0.019,0.28267,34.981,3.75,8142915584.0,Industrials,A.O. Smith Corporation
ABT,24.700281,2.9502492,0.078,0.123339996,64.773,3.57,153593085952.0,Healthcare,Abbott Laboratories
ABBV,111.08781,-60.45394,0.124,,,2.05,402351718400.0,Healthcare,AbbVie Inc.
ACN,13.968827,3.3544776,0.083,0.24763,25.469,12.19,104796291072.0,Technology,Accenture plc
ADBE,11.671625,7.12062,0.127,0.62953997,61.339,17.48,82464882688.0,Technology,Adobe Inc.
AMD,169.39404,12.935747,0.378,0.08063,6.005,3.02,834166325248.0,Technology,"Advanced Micro Devices, Inc."
AES,7.6458335,2.368506,0.087,0.052600004,259.603,1.92,10469154816.0,Utilities,The AES Corporation
AFL,13.462857,2.007293,0.279,0.16469,48.276,8.75,59958423552.0,Financial Services,AFLAC Incorporated
A,26.02004,5.145031,0.1,0.21330999,49.733,4.99,36670959616.0,Healthcare,"Agilent Technologies, Inc."
APD,29.675447,4.0071144,0.088,0.12353,101.611,9.49,62711332864.0,Basic Materials,"Air Products and Chemicals, Inc"
ABNB,32.661728,10.306997,0.179,0.32325,33.185,4.05,78508826624.0,Consumer Cyclical,"Airbnb, Inc."
AKAM,45.10135,3.9583702,0.058,0.091680005,119.534,2.96,19408957440.0,Technology,"Akamai Technologies, Inc."
ALB,,2.638203,0.327,-0.0182,19.845,-3.43,20098422784.0,Basic Materials,Albemarle Corporation
ARE,,0.5768876,-0.115,-0.04144,66.509,-6.27,9265907712.0,Real Estate,Alexandria Real Estate Equities
ALGN,29.434343,3.0176566,0.062,0.10824,2.797,5.94,12521713664.0,Healthcare,"Align Technology, Inc."
ALLE,18.32695,5.4791217,0.097,0.34179002,105.863,7.31,11512827904.0,Industrials,Allegion plc
LNT,22.990566,2.544107,0.05,0.113120005,159.526,3.18,18882633728.0,Utilities,Alliant Energy Corporation
ALL,4.9044037,1.9313825,0.03,0.45221,23.719,45.19,57052200960.0,Financial Services,Allstate Corporation (The)
GOOGL,27.477463,9.102596,0.218,0.38884997,20.026,13.09,4386274148352.0,Communication Services,Alphabet Inc.
GOOG,27.319605,9.064129,0.218,0.38884997,20.026,13.11,4367737946112.0,Communication Services,Alphabet Inc.
MO,15.01879,-37.42976,0.053,,,4.79,120131977216.0,Consumer Defensive,"Altria Group, Inc."
AMZN,31.637932,5.805125,0.166,0.24285,53.3,7.54,2566108479488.0,Consumer Cyclical,"Amazon.com, Inc."
AMCR,32.48,1.6104081,0.774,0.08737001,143.74,1.25,18771234816.0,Consumer Cyclical,Amcor plc
AEE,19.604317,2.224853,0.037,0.117469996,155.674,5.56,30165925888.0,Utilities,Ameren Corporation
AAL,48.32258,-2.43024,0.108,,,0.31,9907549184.0,Industrials,"American Airlines Group, Inc."
AEP,19.116863,2.21008,0.102,0.12585,157.099,6.76,70314688512.0,Utilities,American Electric Power Company
AXP,20.327295,6.528909,0.116,0.34419,177.847,16.01,222056333312.0,Financial Services,American Express Company
AIG,13.334507,0.9989448,0.014,0.07723,22.647,5.68,40157818880.0,Financial Services,"American International Group, I"
AMT,30.190323,24.762533,0.068,0.29952,444.55,6.2,87205855232.0,Real Estate,American Tower Corporation (REI
AWK,22.355751,2.2348237,0.057,0.10217,142.33,5.65,24665882624.0,Utilities,"American Water Works Company, I"
AMP,11.441067,6.657821,0.09,0.66936,56.246,40.13,41274449920.0,Financial Services,"Ameriprise Financial, Inc."
AME,34.360058,4.767422,0.113,0.14626999,22.489,6.61,52056584192.0,Industrials,"AMETEK, Inc."
AMGN,24.68381,20.859762,0.058,1.01318,623.754,14.39,191704383488.0,Healthcare,Amgen Inc.
APH,44.195404,13.526825,0.584,0.36825,133.051,3.48,189210066944.0,Technology,Amphenol Corporation
ADI,62.078754,6.0310655,0.372,0.09639,25.81,6.73,203500093440.0,Technology,"Analog Devices, Inc."
ANSS,,,,,,,,,
AON,18.41351,7.2831726,0.065,0.46447,155.05,18.21,71614488576.0,Financial Services,Aon plc
APA,8.629371,2.0267162,-0.119,0.26217,61.314,4.29,13085468672.0,Energy,APA Corporation
APH,44.195404,13.526825,0.584,0.36825,133.051,3.48,189210066944.0,Technology,Amphenol Corporation
AAPL,35.203144,40.10055,0.166,1.4147099,79.548,8.27,4275929874432.0,Technology,Apple Inc.
AMAT,53.463715,18.836754,0.114,0.39692003,30.399,10.61,450373484544.0,Technology,"Applied Materials, Inc."
APTV,40.505955,1.5650874,0.054,0.040799998,103.823,1.68,14400777216.0,Consumer Cyclical,Aptiv PLC
ACGL,7.0507693,1.3793,-0.033,0.21305999,11.282,13.0,32025051136.0,Financial Services,Arch Capital Group Ltd.
ADM,35.821426,1.6960114,0.016,0.047659997,46.128,2.24,38672191488.0,Consumer Defensive,Archer-Daniels-Midland Company
ANET,56.096222,15.240407,0.351,0.31520998,,2.91,205546815488.0,Technology,"Arista Networks, Inc."
AJG,35.329563,2.3630412,0.346,0.07007,56.18,6.19,56190648320.0,Financial Services,Arthur J. Gallagher & Co.
AIZ,13.370389,2.2086911,0.113,0.18016,37.61,19.52,12931436544.0,Financial Services,"Assurant, Inc."
T,7.756579,1.4976183,0.029,0.18370001,125.175,3.04,163841818624.0,Communication Services,AT&T Inc.
ATO,20.931036,1.9028853,0.006,0.096,64.588,8.12,28369694720.0,Utilities,Atmos Energy Corporation
ADSK,28.967882,13.128886,0.184,0.50396,85.419,6.85,41897549824.0,Technology,"Autodesk, Inc."
ADP,21.101679,14.271025,0.07,0.71208,69.259,10.72,90423894016.0,Technology,"Automatic Data Processing, Inc."
AZO,21.413454,-18.319216,0.084,,,145.53,51010715648.0,Consumer Cyclical,"AutoZone, Inc."
AVB,23.204714,2.2611103,0.025,0.09719,81.307,8.06,26534332416.0,Real Estate,"AvalonBay Communities, Inc."
AVY,17.913385,5.306918,0.07,0.30857,164.751,8.89,12181093376.0,Consumer Cyclical,Avery Dennison Corporation
AXON,178.83806,10.070675,0.337,0.06765,52.074,2.47,35604357120.0,Industrials,"Axon Enterprise, Inc."
BKR,20.172523,3.2422717,0.025,0.17184,82.935,3.13,62639214592.0,Energy,Baker Hughes Company
BALL,16.612244,2.7083037,0.163,0.16785999,145.542,3.43,15170725888.0,Consumer Cyclical,Ball Corporation
BAC,13.9007435,1.448893,0.081,0.10644,,4.03,397551009792.0,Financial Services,Bank of America Corporation
BK,17.01737,2.3863044,0.134,0.13472,,8.06,94143750144.0,Financial Services,The Bank of New York Mellon Cor
BBWI,5.5113635,-3.441547,-0.032,,,3.52,3910298880.0,Consumer Cyclical,"Bath & Body Works, Inc."
BAX,,1.7827536,0.029,-0.15010999,161.021,-1.91,10773543936.0,Healthcare,Baxter International Inc.
BDX,25.521816,1.6697115,0.052,0.06672,71.599,5.73,40295030784.0,Healthcare,"Becton, Dickinson and Company"
WRB,14.463983,2.6125057,0.04,0.20164,31.76,4.72,25415331840.0,Financial Services,W.R. Berkley Corporation
BBY,14.542592,5.367004,0.019,0.39104,134.09,5.4,16551541760.0,Consumer Cyclical,"Best Buy Co., Inc."
BIO,47.656666,1.1196911,0.011,0.02495,20.116,6.0,7652211200.0,Healthcare,"Bio-Rad Laboratories, Inc."
TECH,77.14286,4.185722,-0.015,0.053400002,13.922,0.7,8454712832.0,Healthcare,Bio-Techne Corp
BIIB,21.510752,1.5830874,0.019,0.077010006,35.181,9.3,29534806016.0,Healthcare,Biogen Inc.
BLK,25.975334,2.8284047,0.27,0.118990004,23.635,39.73,168059666432.0,Financial Services,"BlackRock, Inc."
BX,31.484615,11.522005,0.057,0.29533002,72.022,3.9,150081552384.0,Financial Services,Blackstone Inc.
BA,86.92461,28.85654,0.14,1.69947,828.696,2.52,172677627904.0,Industrials,Boeing Company (The)
BCH,16.534979,0.7144,-0.079,0.2085,,2.43,20294332416.0,Financial Services,Banco De Chile
BMY,16.002802,5.8129835,0.026,0.38731998,230.967,3.57,116663533568.0,Healthcare,Bristol-Myers Squibb Company
AVGO,63.678333,20.730873,0.479,0.37280998,74.018,6.0,1817728778240.0,Technology,Broadcom Inc.
BR,15.510706,5.9463115,0.078,0.42314,120.878,9.34,16755417088.0,Technology,"Broadridge Financial Solutions,"
BRO,19.540718,1.5963705,0.357,0.11926,64.37,3.07,20333481984.0,Financial Services,"Brown & Brown, Inc."
BF-B,17.653595,3.081926,0.02,0.17846,64.95,1.53,12389584896.0,Consumer Defensive,Brown Forman Inc
BLDR,29.683207,2.0882337,-0.101,0.06958,132.159,2.62,8364931072.0,Industrials,"Builders FirstSource, Inc."
BXP,33.30653,2.0413315,0.006,0.05525,211.994,1.99,11818480640.0,Real Estate,"BXP, Inc."
CHRW,39.218624,13.432712,-0.008,0.34838,96.501,4.94,22836723712.0,Industrials,"C.H. Robinson Worldwide, Inc."
CDNS,90.154564,16.182268,0.187,0.20656,46.992,4.27,106178125824.0,Technology,"Cadence Design Systems, Inc."
CZR,,1.7611226,0.027,-0.107159995,722.658,-2.36,6006923264.0,Consumer Cyclical,"Caesars Entertainment, Inc."
CPT,32.11732,2.9673023,-0.005,0.09064999,104.147,3.58,11393436672.0,Real Estate,Camden Property Trust
CPB,11.181373,1.6875045,-0.044,0.15389,182.035,2.04,6802084352.0,Consumer Defensive,The Campbell's Company
COF,56.84,1.0646955,0.463,0.03259,,3.25,114956148736.0,Financial Services,Capital One Financial Corporati
CAH,34.123478,-18.575224,0.11,,,6.56,52426981376.0,Healthcare,"Cardinal Health, Inc."
KMX,30.511904,1.2342885,-0.012,0.04077,318.175,1.68,7269729792.0,Consumer Cyclical,CarMax Inc
CCL,12.854626,3.101286,0.061,0.27853,203.901,2.27,40418373632.0,Consumer Cyclical,Carnival Corporation Ltd.
CARR,46.60667,4.3207664,0.024,0.09907,91.102,1.5,58065879040.0,Industrials,Carrier Global Corporation
CTLT,,,,,,,,,
CAT,45.256958,22.477104,0.222,0.51331,230.793,20.12,419401236480.0,Industrials,"Caterpillar, Inc."
CBOE,25.184458,5.744702,0.065,0.2514,29.489,11.71,30863448064.0,Financial Services,"Cboe Global Markets, Inc."
CBRE,30.458904,4.5854816,0.186,0.15597,113.689,4.38,39064662016.0,Real Estate,CBRE Group Inc
CDW,16.101097,6.6214185,0.092,0.44157,240.522,8.21,16887728128.0,Technology,CDW Corporation
CE,,1.4434549,-0.022,-0.21109,287.737,-9.86,5864752128.0,Basic Materials,Celanese Corporation
COR,21.600462,16.129532,0.038,1.0713401,420.985,13.04,54802014208.0,Healthcare,"Cencora, Inc."
CNC,,1.5022469,0.051,-0.26044,76.049,-13.05,32190627840.0,Healthcare,Centene Corporation
CNX,4.42,1.0170271,0.282,0.28081,54.827,7.5,4689982464.0,Energy,CNX Resources Corporation
CDAY,,,,,,,,,
CF,9.863063,3.148148,0.194,0.273,43.847,11.1,16819334144.0,Basic Materials,"CF Industries Holdings, Inc."
CRL,,3.0714169,0.012,-0.0587,102.551,-3.71,9031930880.0,Healthcare,Charles River Laboratories Inte
SCHW,18.11133,3.7282586,0.158,0.19083,120.766,5.03,158435246080.0,Financial Services,Charles Schwab Corporation (The
CHTR,3.9442792,1.0945147,-0.01,0.27504998,459.525,36.97,22846840832.0,Communication Services,"Charter Communications, Inc."
CVX,32.56,2.015155,0.023,0.06638,23.989,5.75,372866908160.0,Energy,Chevron Corporation
CMG,29.568806,17.226082,0.074,0.49231997,217.885,1.09,41342513152.0,Consumer Cyclical,"Chipotle Mexican Grill, Inc."
CB,11.599152,1.727662,0.102,0.15433,31.458,28.29,127272419328.0,Financial Services,Chubb Limited
CHD,32.092106,5.52091,0.002,0.16779,56.794,3.04,23116216320.0,Consumer Defensive,"Church & Dwight Company, Inc."
CI,11.92,1.8680575,0.046,0.16268998,72.805,25.0,78830657536.0,Healthcare,The Cigna Group
CINF,9.663236,1.6627805,0.116,0.18735,5.626,17.49,26143604736.0,Financial Services,Cincinnati Financial Corporatio
CTAS,37.189877,14.725587,0.089,0.41303003,60.943,4.74,70536134656.0,Industrials,Cintas Corporation
CSCO,40.366665,9.765342,0.12,0.25229,67.541,3.0,477307731968.0,Technology,"Cisco Systems, Inc."
C,17.262962,1.2459791,0.159,0.07649,,8.1,238490828800.0,Financial Services,"Citigroup, Inc."
CFG,16.030807,1.1978116,0.138,0.07739,,4.22,28607965184.0,Financial Services,"Citizens Financial Group, Inc."
CLX,15.743089,-174.76534,0.001,5.46099,4876.087,6.15,11707604992.0,Consumer Defensive,Clorox Company (The)
CME,22.99744,3.6634364,0.144,0.15919,14.059,11.72,97387323392.0,Financial Services,CME Group Inc.
CMS,20.379501,2.4589725,0.116,0.103719994,189.842,3.61,22727215104.0,Utilities,CMS Energy Corporation
KO,25.981133,10.570624,0.121,0.43372002,124.943,3.18,355471097856.0,Consumer Defensive,Coca-Cola Company (The)
CTSH,11.316702,1.6411337,0.058,0.14876,7.247,4.61,24676409344.0,Technology,Cognizant Technology Solutions 
CL,34.670544,494.19888,0.084,3.6357698,1640.535,2.58,71576928256.0,Consumer Defensive,Colgate-Palmolive Company
CMCSA,4.8039217,0.99274683,0.053,0.20918,106.858,5.1,87519600640.0,Communication Services,Comcast Corporation
CMA,,,,,,,,,
CAG,,0.805204,-0.019,-0.00511,89.813,-0.1,6573726208.0,Consumer Defensive,"ConAgra Brands, Inc."
COP,19.82712,2.208128,-0.053,0.112840004,36.143,5.9,142516043776.0,Energy,ConocoPhillips
ED,18.168634,1.5490122,0.062,0.08732,106.177,5.93,39705387008.0,Utilities,"Consolidated Edison, Inc."
STZ,15.453694,3.1745794,-0.113,0.22636999,133.573,9.61,25577084928.0,Consumer Defensive,"Constellation Brands, Inc."
CEG,22.027777,2.746231,0.638,0.16104999,66.428,11.52,90618208256.0,Utilities,Constellation Energy Corporatio
COO,57.525425,1.605791,0.079,0.02853,33.093,1.18,13238678528.0,Healthcare,"The Cooper Companies, Inc."
CPRT,19.099379,3.2446976,0.021,0.17607,1.059,1.61,29621733376.0,Industrials,"Copart, Inc."
GLW,86.15385,13.76027,0.2,0.1674,80.363,2.08,154226294784.0,Technology,Corning Incorporated
CTVA,41.156757,2.094117,0.11,0.051370002,13.64,1.85,50923950080.0,Basic Materials,"Corteva, Inc."
CSGP,469.14285,1.6895611,0.225,0.00303,14.526,0.07,13410401280.0,Real Estate,"CoStar Group, Inc."
COST,49.513607,26.352003,0.215,0.29152,60.257,19.84,435651411968.0,Consumer Defensive,Costco Wholesale Corporation
CTRA,15.004608,1.6676911,0.186,0.11361,24.381,2.17,24724652032.0,Energy,Coterra Energy Inc.
CCI,38.886078,-20.926432,-0.048,,,2.37,40223416320.0,Real Estate,Crown Castle Inc.
CSX,29.18405,6.5101957,0.017,0.23684,143.06,1.63,88391663616.0,Industrials,CSX Corporation
CMI,34.246105,7.3690324,0.027,0.21993999,61.621,19.26,91014832128.0,Industrials,Cummins Inc.
CVS,44.7193,1.6757333,0.061,0.037520003,100.912,2.28,130093547520.0,Healthcare,CVS Health Corporation
DHI,14.468545,1.8584092,-0.023,0.13084,27.453,10.65,43696783360.0,Consumer Cyclical,"D.R. Horton, Inc."
DHR,34.83559,2.4071748,0.037,0.0708,37.17,5.17,127469494272.0,Healthcare,Danaher Corporation
DRI,22.26,11.52802,0.059,0.51539004,387.681,9.5,24220717056.0,Consumer Cyclical,"Darden Restaurants, Inc."
DVA,20.121506,-18.279457,0.06,0.80981004,1261.331,10.37,13392842752.0,Healthcare,DaVita Inc.
DAY,,,,,,,,,
DE,32.68138,5.687945,-0.111,0.18349001,376.022,17.67,155981561856.0,Industrials,Deere & Company
DAL,12.125547,2.6636307,0.129,0.2499,105.021,6.85,54569951232.0,Industrials,"Delta Air Lines, Inc."
XRAY,,1.5041741,0.001,-0.37669,177.786,-3.15,2021296256.0,Healthcare,DENTSPLY SIRONA Inc.
DVN,12.621171,1.8237804,-0.008,0.15178001,56.404,3.59,52260696064.0,Energy,Devon Energy Corporation
DXCM,32.34764,9.836858,0.15,0.35624,46.833,2.33,29083248640.0,Healthcare,"DexCom, Inc."
FANG,196.05103,1.4818786,0.042,0.0047400002,32.594,0.98,54048727040.0,Energy,"Diamondback Energy, Inc."
DLR,48.73016,2.8392189,0.167,0.05688,76.592,3.78,65888169984.0,Real Estate,"Digital Realty Trust, Inc."
DFS,,,,,,,,,
DG,16.237623,2.863557,0.034,0.1891,178.649,7.07,25323347968.0,Consumer Defensive,Dollar General Corporation
DLTR,18.327974,6.2865334,0.072,0.33976,216.518,6.22,21907902464.0,Consumer Defensive,"Dollar Tree, Inc."
D,20.03245,2.1200674,0.231,0.09787,154.901,3.39,59727695872.0,Utilities,"Dominion Energy, Inc."
DPZ,18.656681,-2.7774873,0.035,,,17.36,10772854784.0,Consumer Cyclical,Domino's Pizza Inc
DOV,27.17875,3.9092052,0.101,0.14998001,43.927,8.0,29279428608.0,Industrials,Dover Corporation
DOW,,1.5999433,-0.061,-0.15262,117.133,-4.0,24397096960.0,Basic Materials,Dow Inc.
DHR,34.83559,2.4071748,0.037,0.0708,37.17,5.17,127469494272.0,Healthcare,Danaher Corporation
DTE,24.286655,2.4886472,0.158,0.10423,218.787,6.07,30667534336.0,Utilities,DTE Energy Company
DUK,19.226154,1.8178512,0.113,0.09661,161.495,6.5,97426137088.0,Utilities,Duke Energy Corporation (Holdin
DD,127.0,1.4088453,0.043,0.00896,22.594,0.38,19548108800.0,Basic Materials,"DuPont de Nemours, Inc."
EMN,21.739885,1.4307724,-0.049,0.06633,89.616,3.46,8601404416.0,Basic Materials,Eastman Chemical Company
ETN,38.29648,7.7063484,0.168,0.20844999,110.463,10.22,151976738816.0,Industrials,"Eaton Corporation, PLC"
EBAY,25.083141,10.979579,0.195,0.42875,163.327,4.33,48222838784.0,Consumer Cyclical,eBay Inc.
ECL,35.963413,7.466663,0.1,0.22427,92.369,7.38,74696327168.0,Basic Materials,Ecolab Inc.
EIX,7.9293475,1.62853,0.077,0.18864,226.101,9.2,28070717440.0,Utilities,Edison International
EW,46.005405,4.7550144,0.167,0.1046,6.806,1.85,49006338048.0,Healthcare,Edwards Lifesciences Corporatio
EA,57.74716,7.5343785,0.119,0.1349,27.41,3.52,50970255360.0,Communication Services,Electronic Arts Inc.
ELV,17.12161,2.0006437,0.026,0.12086,72.299,23.6,87748804608.0,Healthcare,"Elevance Health, Inc."
LLY,40.320286,32.44838,0.555,1.07459,139.015,28.1,1010342952960.0,Healthcare,Eli Lilly and Company
EMR,33.118057,3.9468677,0.029,0.12328,69.182,4.32,80133505024.0,Industrials,Emerson Electric Company
ENPH,54.049507,6.5260015,-0.206,0.14113,55.529,1.01,7194865152.0,Technology,"Enphase Energy, Inc."
ETR,28.344387,2.9325135,0.12,0.10751,192.883,3.92,50875809792.0,Utilities,Entergy Corporation
EOG,13.436578,2.3646777,0.156,0.18195,26.873,10.17,72783683584.0,Energy,"EOG Resources, Inc."
EPAM,13.704022,1.4665723,0.076,0.10932,8.391,6.96,4983075840.0,Technology,"EPAM Systems, Inc."
EQT,9.855787,1.2933588,0.499,0.13402,20.816,5.27,32487327744.0,Energy,EQT Corporation
EFX,28.822186,4.3012533,0.143,0.1437,113.353,5.68,19749091328.0,Industrials,"Equifax, Inc."
EQIX,72.96821,7.2829294,0.121,0.10059,162.961,14.47,104132411392.0,Real Estate,"Equinix, Inc."
EQR,26.935999,2.3682082,0.025,0.08671,78.42,2.5,26018557952.0,Real Estate,Equity Residential
ESS,31.953829,3.357114,0.064,0.105579995,121.856,8.88,19557806080.0,Real Estate,"Essex Property Trust, Inc."
EL,,8.125397,0.046,-0.05949,232.908,-0.7,32445767680.0,Consumer Defensive,"Estee Lauder Companies, Inc. (T"
ETSY,26.620691,-5.7991824,0.031,,,2.61,6593390592.0,Consumer Cyclical,"Etsy, Inc."
EG,6.911016,0.88340324,-0.047,0.13822,23.471,49.11,13430600704.0,Financial Services,"Everest Group, Ltd."
EVRG,22.300531,1.9030434,0.05,0.08866999,155.555,3.76,19328516096.0,Utilities,"Evergy, Inc."
ES,14.708779,1.5622727,0.094,0.10912,181.822,4.67,25832937472.0,Utilities,Eversource Energy (D/B/A)
EXC,16.926739,1.6129144,0.079,0.09764,174.794,2.73,47282446336.0,Utilities,Exelon Corporation
EXPE,19.884172,46.85208,0.147,0.71494,256.536,11.31,26991765504.0,Consumer Cyclical,"Expedia Group, Inc."
EXPD,26.874193,9.629544,0.044,0.36641,24.708,6.2,21792417792.0,Industrials,Expeditors International of Was
EXR,33.91892,2.3856294,0.038,0.0683,98.092,4.44,33236506624.0,Real Estate,Extra Space Storage Inc
XOM,24.749157,2.368493,0.026,0.09873,18.261,5.94,609348681728.0,Energy,Exxon Mobil Corporation
FFIV,32.49877,6.3693366,0.11,0.2034,7.12,12.19,22351048704.0,Technology,"F5, Inc."
FDS,15.528655,4.150203,0.071,0.28084,72.972,15.53,8785730560.0,Financial Services,FactSet Research Systems Inc.
FICO,37.458385,-13.070306,0.387,,,31.48,27346483200.0,Technology,Fair Isaac Corporation
FAST,41.21239,13.401439,0.124,0.33842,11.167,1.13,53463994368.0,Industrials,Fastenal Company
FRT,21.771626,3.4496558,0.103,0.14783,138.432,5.78,10937810944.0,Real Estate,Federal Realty Investment Trust
FDX,18.052828,2.712926,0.083,0.15869,140.994,18.74,80723050496.0,Industrials,FedEx Corporation
FIS,7.5968995,1.2684853,0.301,0.17225,132.328,5.16,20261662720.0,Technology,Fidelity National Information S
FITB,18.427608,1.5529325,0.33,0.07969,,2.97,49602428928.0,Financial Services,Fifth Third Bancorp
FSLR,17.268087,2.9076295,0.236,0.18436001,5.943,15.48,28723357696.0,Technology,"First Solar, Inc."
FE,25.559782,2.1498446,0.116,0.094610006,198.922,1.84,27203616768.0,Utilities,FirstEnergy Corp.
FI,,,,,,,,,
FLT,,,,,,,,,
FMC,,0.81320345,-0.041,-0.78367996,251.722,-19.62,1481786880.0,Basic Materials,FMC Corporation
F,,1.5788914,0.064,-0.14813,425.544,-1.55,59132841984.0,Consumer Cyclical,Ford Motor Company
FTNT,56.92607,108.53116,0.201,1.32392,57.31,2.57,107186462720.0,Technology,"Fortinet, Inc."
FTV,35.37647,3.0213513,0.077,0.06814,58.806,1.7,18334341120.0,Technology,Fortive Corporation
FOXA,17.328947,2.5260854,-0.086,0.152,67.867,3.8,27669268480.0,Communication Services,Fox Corporation
FOX,15.505263,2.2602422,-0.086,0.152,67.867,3.8,24757377024.0,Communication Services,Fox Corporation
BEN,24.52672,1.3770787,0.087,0.06704,23.471,1.31,16695942144.0,Financial Services,"Franklin Resources, Inc."
FCX,36.19577,5.0401535,0.088,0.15630999,33.008,1.89,98343469056.0,Basic Materials,"Freeport-McMoRan, Inc."
GRMN,26.603354,4.9541206,0.142,0.19899,2.331,8.95,45919064064.0,Technology,Garmin Ltd.
IT,14.641304,158.64026,-0.015,0.94878,5293.41,10.12,9920261120.0,Technology,"Gartner, Inc."
GE,41.652172,18.827559,0.247,0.45428002,116.527,8.05,350331371520.0,Industrials,GE Aerospace
GEHC,15.630695,2.779294,0.074,0.19462,97.055,4.17,29649846272.0,Healthcare,GE HealthCare Technologies Inc.
GEV,27.472544,18.156305,0.163,0.75708,24.925,34.24,252774154240.0,Industrials,GE Vernova Inc.
GEN,15.490445,5.570316,0.27,0.39876997,316.354,1.57,14651191296.0,Technology,Gen Digital Inc.
GNRC,81.987495,5.7632403,0.124,0.07388,52.086,3.2,15444786176.0,Industrials,Generac Holdlings Inc.
GD,22.669603,3.7297192,0.103,0.17974001,37.701,15.89,97414356992.0,Industrials,General Dynamics Corporation
GIS,8.437652,3.3330112,0.022,0.23591,217.629,4.09,18417338368.0,Consumer Defensive,"General Mills, Inc."
GM,29.744526,1.1732188,-0.009,0.040149998,199.048,2.74,73485713408.0,Consumer Cyclical,General Motors Company
GPC,235.79546,3.1904423,0.068,0.01342,149.454,0.44,14433918976.0,Consumer Cyclical,Genuine Parts Company
GILD,17.087074,6.633391,0.044,0.4336,94.635,7.35,155928756224.0,Healthcare,"Gilead Sciences, Inc."
GPN,24.893381,0.7780523,0.631,0.02935,95.593,2.72,18521630720.0,Industrials,Global Payments Inc.
GL,11.532503,2.134637,0.054,0.20455,53.588,14.46,12948039680.0,Financial Services,Globe Life Inc.
GS,19.418053,2.9829822,0.145,0.14548,678.596,54.73,313519144960.0,Financial Services,"Goldman Sachs Group, Inc. (The)"
HAL,21.878452,3.0673895,-0.003,0.14626999,74.651,1.81,33081749504.0,Energy,Halliburton Company
HIG,9.121745,1.9203815,0.061,0.22735001,23.151,14.21,35532836864.0,Financial Services,"The Hartford Insurance Group, I"
HAS,,18.322779,0.127,-0.23316,574.488,-1.61,11871069184.0,Consumer Cyclical,"Hasbro, Inc."
HCA,13.3326435,-13.66968,0.043,,,29.04,85891932160.0,Healthcare,"HCA Healthcare, Inc."
DOC,64.65625,1.8379675,0.071,0.027999999,118.243,0.32,14264094720.0,Real Estate,"Healthpeak Properties, Inc."
HSIC,24.546827,2.8465824,0.063,0.08762,77.748,3.31,9255736320.0,Healthcare,"Henry Schein, Inc."
HSY,33.7658,7.783872,0.106,0.23234,120.011,5.38,36848529408.0,Consumer Defensive,The Hershey Company
HES,,,,,,,,,
HPE,45.01869,2.520274,0.4,0.06315,84.03,1.07,63786881024.0,Technology,Hewlett Packard Enterprise Comp
HLT,52.897556,-13.37677,0.11,,,6.54,78754955264.0,Consumer Cyclical,Hilton Worldwide Holdings Inc.
HOLX,,,,,,,,,
HD,23.3066,23.598017,0.048,1.2838,459.356,14.09,327443152896.0,Consumer Cyclical,"Home Depot, Inc. (The)"
HON,35.19329,10.272299,0.024,0.24264,257.387,6.26,139600117760.0,Industrials,Honeywell International Inc.
HRL,29.117647,1.7133957,-0.029,0.05831,4.244,0.85,13619534848.0,Consumer Defensive,Hormel Foods Corporation
HST,16.931973,2.4969902,0.028,0.1487,80.482,1.47,17267843072.0,Real Estate,"Host Hotels & Resorts, Inc."
HWM,61.408356,19.219376,0.191,0.33818,87.794,4.31,105896452096.0,Industrials,Howmet Aerospace Inc.
HPQ,9.348148,-160.76433,0.09,,,2.7,23082553344.0,Technology,HP Inc.
HUBB,28.16834,6.6867175,0.111,0.25822002,72.468,16.93,25199716352.0,Industrials,Hubbell Inc
HUM,40.471718,2.4504697,0.235,0.062800005,77.073,9.37,45529722880.0,Healthcare,Humana Inc.
HBAN,13.476924,1.1976212,0.336,0.083859995,,1.3,35515330560.0,Financial Services,Huntington Bancshares Incorpora
HII,19.34243,2.277443,0.134,0.12198,56.946,15.39,11729790976.0,Industrials,"Huntington Ingalls Industries, "
IBM,24.092033,7.7598834,0.095,0.35772,211.169,11.3,255874367488.0,Technology,International Business Machines
IEX,32.36889,4.0085497,0.089,0.12748,46.915,6.75,16171549696.0,Industrials,IDEX Corporation
IDXX,41.33235,28.560953,0.143,0.72915,71.04,13.57,44243898368.0,Healthcare,"IDEXX Laboratories, Inc."
ITW,23.92472,22.937717,0.046,0.96848,283.22,10.76,74062610432.0,Industrials,Illinois Tool Works Inc.
INCY,15.329096,3.8593934,0.209,0.30823,0.701,7.08,21682358272.0,Healthcare,Incyte Corporation
IR,50.0,2.845716,0.076,0.057150003,48.353,1.48,28958924800.0,Industrials,Ingersoll Rand Inc.
PODD,34.976635,7.9602256,0.339,0.22997999,77.844,4.28,10368921600.0,Healthcare,Insulet Corporation
INTC,,5.6170807,0.072,-0.02911,36.028,-0.6,626088804352.0,Technology,Intel Corporation
ICE,20.455605,2.6982968,0.204,0.13853,70.986,6.87,79471468544.0,Financial Services,Intercontinental Exchange Inc.
IFF,24.232197,1.4146289,-0.036,0.060510002,45.701,3.23,19982602240.0,Basic Materials,International Flavors & Fragran
IP,,1.29241,0.134,-0.16036,65.904,-5.19,19142039552.0,Consumer Cyclical,International Paper Company
IPG,,,,,,,,,
INTU,16.894384,3.6791866,0.104,0.22496,33.448,16.38,75695898624.0,Technology,Intuit Inc.
ISRG,50.007298,8.336747,0.23,0.17232999,,8.22,145582178304.0,Healthcare,"Intuitive Surgical, Inc."
IVZ,,1.3156219,0.141,-0.01535,14.829,-1.47,12820139008.0,Financial Services,Invesco Ltd
INVH,31.242105,1.9392356,0.092,0.061929997,97.038,0.95,17631166464.0,Real Estate,Invitation Homes Inc.
IQV,22.513647,4.8682733,0.084,0.22490999,255.426,8.06,30285674496.0,Healthcare,"IQVIA Holdings, Inc."
IRM,138.30434,-31.155727,0.216,,,0.92,37857038336.0,Real Estate,Iron Mountain Incorporated (Del
JBHT,44.862015,7.591363,0.046,0.16676001,43.622,6.45,27286415360.0,Industrials,"J.B. Hunt Transport Services, I"
JBL,51.792736,30.2984,0.231,0.59696996,328.91,7.43,40599519232.0,Technology,Jabil Inc.
JKHY,17.88424,4.2773275,0.087,0.24892001,6.398,7.17,9110841344.0,Technology,"Jack Henry & Associates, Inc."
J,37.463127,4.5585065,0.27,0.09380999,138.776,3.39,14996272128.0,Industrials,Jacobs Solutions Inc.
JNJ,27.943155,7.140062,0.099,0.26416,67.73,8.62,579826352128.0,Healthcare,Johnson & Johnson
JCI,44.195126,6.5426974,0.082,0.13449,70.317,3.28,88442355712.0,Industrials,Johnson Controls International 
JPM,15.360154,2.498228,0.127,0.16465001,,20.88,859372847104.0,Financial Services,JP Morgan Chase & Co.
JNPR,,,,,,,,,
K,,,,,,,,,
KVUE,21.595238,3.2832577,0.045,0.15701,82.975,0.84,34828955648.0,Consumer Defensive,Kenvue Inc.
KDP,23.488888,1.7077767,0.094,0.06312,85.985,1.35,43143340032.0,Consumer Defensive,Keurig Dr Pepper Inc.
KEY,13.926381,1.4114282,0.118,0.09977,,1.63,24501669888.0,Financial Services,KeyCorp
KEYS,56.4686,9.471681,0.315,0.18174,43.642,6.21,59927879680.0,Technology,Keysight Technologies Inc.
KMB,19.7853,18.904085,0.027,1.11727,371.264,5.17,33954179072.0,Consumer Defensive,Kimberly-Clark Corporation
KIM,29.781609,1.6819215,0.04,0.058579996,78.788,0.87,17473437696.0,Real Estate,Kimco Realty Corporation (HC)
KMI,21.436241,2.268627,0.138,0.10597,98.84,1.49,71060938752.0,Energy,"Kinder Morgan, Inc."
KLAC,71.90395,5.706407,0.115,0.94975996,105.4,3.54,332499288064.0,Technology,KLA Corporation
KHC,,0.6899966,0.008,-0.12576,50.258,-4.86,28921116672.0,Consumer Defensive,The Kraft Heinz Company
KR,42.01948,6.9941635,0.012,0.14405,415.97,1.54,39897640960.0,Consumer Defensive,Kroger Company (The)
LHX,33.455437,2.9946198,1.9,,34.574,9.2,57339723776.0,Industrials,"L3Harris Technologies, Inc."
LH,23.574846,2.5095704,0.058,0.11047,83.407,11.29,21825120256.0,Healthcare,Labcorp Holdings Inc.
LRCX,69.47159,43.337666,0.238,0.66762,35.282,5.28,458721951744.0,Technology,Lam Research Corporation
LW,21.305164,3.451738,0.029,0.17355,220.065,2.13,6265743872.0,Consumer Defensive,"Lamb Weston Holdings, Inc."
LVS,18.697416,28.04095,0.253,0.90455,981.405,2.71,33575831552.0,Consumer Cyclical,Las Vegas Sands Corp.
LDOS,11.1765785,3.065188,0.037,0.30579,137.125,10.93,15365952512.0,Technology,"Leidos Holdings, Inc."
LEN,14.153605,1.0165142,-0.052,0.07368,28.481,6.38,22240737280.0,Consumer Cyclical,Lennar Corporation
LIN,34.719498,6.2802277,0.082,0.18229,65.642,15.08,242071175168.0,Basic Materials,Linde plc
LYV,,-285.61258,0.122,0.14927,738.269,-1.78,40145285120.0,Communication Services,"Live Nation Entertainment, Inc."
LKQ,13.1,1.0340608,0.043,0.08139,80.678,2.0,6675520000.0,Consumer Cyclical,LKQ Corporation
LMT,26.178782,16.594393,0.003,0.6764,276.365,20.64,124580446208.0,Industrials,Lockheed Martin Corporation
L,13.755725,1.1894652,0.014,0.09217,45.603,7.86,22247731200.0,Financial Services,Loews Corporation
LOW,18.662722,-13.361172,0.103,,,11.83,123857575936.0,Consumer Cyclical,"Lowe's Companies, Inc."
LULU,9.617003,2.7885518,0.043,0.32027,44.264,12.35,13486798848.0,Consumer Cyclical,lululemon athletica inc.
LYB,,2.0761268,-0.063,-0.060089998,141.24,-2.12,20845441024.0,Basic Materials,LyondellBasell Industries NV
MTB,13.019652,1.3339393,0.057,0.102910005,,17.81,33957681152.0,Financial Services,M&T Bank Corporation
MRO,,,,,,,,,
MPC,17.363636,4.6098957,0.088,0.27458,146.523,15.18,76948652032.0,Energy,Marathon Petroleum Corporation
MKTX,14.323461,3.6095185,0.119,0.24298,24.251,8.44,4296364544.0,Financial Services,"MarketAxess Holdings, Inc."
MAR,42.19497,-26.039202,0.126,,,9.54,106145218560.0,Consumer Cyclical,Marriott International
MMC,,,,,,,,,
MLM,36.241684,3.0691738,0.172,0.0947,50.35,15.93,34666299392.0,Basic Materials,"Martin Marietta Materials, Inc."
MAS,18.324257,-61.69166,0.065,84.57143,12229.63,4.04,14934400000.0,Industrials,Masco Corporation
MA,28.322546,64.67529,0.158,2.32076,282.059,17.3,432938450944.0,Financial Services,Mastercard Incorporated
MTCH,13.316794,-37.395496,0.039,,,2.62,8138669056.0,Communication Services,"Match Group, Inc."
MKC,8.0245905,1.8844318,0.167,0.25347,65.158,6.1,13159874560.0,Consumer Defensive,"McCormick & Company, Incorporat"
MCD,23.479801,-157.35359,0.094,,,12.13,202359177216.0,Consumer Cyclical,McDonald's Corporation
MCK,20.407341,-43.317677,0.06,,,38.42,94245986304.0,Healthcare,McKesson Corporation
MDT,21.501339,2.1011815,0.099,0.09929,57.06,3.73,102967566336.0,Healthcare,Medtronic plc.
MRK,33.535213,6.4088073,0.049,0.18944,106.936,3.55,294032605184.0,Healthcare,"Merck & Company, Inc."
META,20.617455,5.905242,0.331,0.32930002,35.608,27.5,1439235178496.0,Communication Services,"Meta Platforms, Inc."
MET,17.183752,2.1004348,0.027,0.13014,178.019,5.17,57162924032.0,Financial Services,"MetLife, Inc."
MTD,26.598259,-545.8225,0.072,,,42.54,22864697344.0,Healthcare,"Mettler-Toledo International, I"
MGM,67.08219,5.1487756,0.042,0.13488,951.186,0.73,12529035264.0,Consumer Cyclical,MGM Resorts International
MCHP,432.9091,8.026294,0.351,0.03405,87.715,0.22,51627630592.0,Technology,Microchip Technology Incorporat
MU,46.302357,15.281069,1.963,0.39823002,14.902,21.2,1106994921472.0,Technology,"Micron Technology, Inc."
MSFT,23.258333,7.0053964,0.183,0.34013999,30.271,16.8,2902586556416.0,Technology,Microsoft Corporation
MAA,41.97281,2.9175327,0.008,0.06711,99.825,3.31,16578049024.0,Real Estate,Mid-America Apartment Communiti
MRNA,,2.6747053,2.602,-0.36556998,17.522,-8.14,19803602944.0,Healthcare,"Moderna, Inc."
MHK,16.113773,0.78523487,0.08,0.051030003,30.114,6.68,6560996352.0,Consumer Cyclical,"Mohawk Industries, Inc."
MOH,53.69437,2.5525732,-0.043,0.04482,96.74,3.73,10434587648.0,Healthcare,Molina Healthcare Inc
TAP,,0.7754859,0.02,-0.18080999,62.567,-10.55,7798385664.0,Consumer Defensive,Molson Coors Beverage Company
MDLZ,31.18317,3.14008,0.082,0.101610005,83.793,2.02,80857104384.0,Consumer Defensive,"Mondelez International, Inc."
MPWR,112.34473,21.072517,0.261,0.19574,0.543,14.04,77493731328.0,Technology,"Monolithic Power Systems, Inc."
MNST,44.845413,10.402287,0.269,0.26654,1.082,2.07,90788495360.0,Consumer Defensive,Monster Beverage Corporation
MCO,32.150036,26.128939,0.081,0.71361,235.539,13.93,78228840448.0,Financial Services,Moody's Corporation
MS,19.38768,3.2343073,0.163,0.16388,502.246,11.04,337602052096.0,Financial Services,Morgan Stanley
MOS,162.07143,0.610981,0.144,0.0059399996,48.19,0.14,7211940864.0,Basic Materials,Mosaic Company (The)
MSI,33.219177,26.932123,0.074,0.99289,374.132,12.41,68431679488.0,Technology,"Motorola Solutions, Inc."
MSCI,34.255005,-15.744356,0.141,,,17.49,43572555776.0,Financial Services,MSCI Inc.
NDAQ,26.801207,4.1760926,0.137,0.162,79.058,3.32,50321821696.0,Financial Services,"Nasdaq, Inc."
NTAP,25.450394,23.445524,0.125,1.06734,202.295,6.35,31662618624.0,Technology,"NetApp, Inc."
NFLX,25.916128,10.872919,0.162,0.48494998,53.788,3.1,338295554048.0,Communication Services,"Netflix, Inc."
NEM,13.0,3.0792627,0.458,0.25832,15.762,7.71,107000815616.0,Basic Materials,Newmont Corporation
NWSA,32.50633,1.6460484,0.088,0.06524,31.559,0.79,13984890880.0,Communication Services,News Corporation
NWS,37.037975,1.8755208,0.088,0.06524,31.559,0.79,15934497792.0,Communication Services,News Corporation
NEE,21.824873,3.2472336,0.073,0.10325,156.686,3.94,179341197312.0,Utilities,"NextEra Energy, Inc."
NKE,29.559212,4.7195377,0.001,0.16016,79.333,1.52,66536255488.0,Consumer Cyclical,"Nike, Inc."
NI,23.487562,2.3431604,0.082,0.091120005,140.908,2.01,22634326016.0,Utilities,NiSource Inc
NDSN,30.758804,5.0147896,0.085,0.1714,61.637,9.37,16058469376.0,Industrials,Nordson Corporation
NSC,26.445662,4.46104,0.002,0.17615,111.586,11.87,70502301696.0,Industrials,Norfolk Southern Corporation
NTRS,18.255497,2.6656675,0.139,0.14462,,9.55,32261138432.0,Financial Services,Northern Trust Corporation
NOC,17.240915,4.5670543,0.044,0.28511998,102.682,31.92,78165286912.0,Industrials,Northrop Grumman Corporation
NCLH,15.669355,3.6688068,0.096,0.29533002,661.444,1.24,8920510464.0,Consumer Cyclical,Norwegian Cruise Line Holdings 
NRG,136.38043,6.3199515,0.195,0.062480003,479.237,0.92,26472472576.0,Utilities,"NRG Energy, Inc."
NUE,26.449852,2.827525,0.213,0.12285,31.595,10.07,60658802688.0,Basic Materials,Nucor Corporation
NVDA,31.422665,25.426271,0.852,1.14288,6.555,6.53,4969906831360.0,Technology,NVIDIA Corporation
NVR,15.5763445,4.984269,-0.214,0.33257,31.22,409.27,17207797760.0,Consumer Cyclical,"NVR, Inc."
NXPI,29.145313,7.048134,0.122,0.25812998,103.991,10.46,76968329216.0,Technology,NXP Semiconductors N.V.
ORLY,29.648209,-70.99844,0.102,,,3.07,75429642240.0,Consumer Cyclical,"O'Reilly Automotive, Inc."
OXY,76.4054,1.8287674,-0.083,0.04053,41.989,0.74,56236646400.0,Energy,Occidental Petroleum Corporatio
ODFL,51.304802,11.625981,-0.029,0.23331,0.909,4.79,51108208640.0,Industrials,"Old Dominion Freight Line, Inc."
OMC,,2.3157768,0.692,0.02015,110.574,-0.37,21854275584.0,Communication Services,Omnicom Group Inc.
ON,86.51111,6.267912,0.047,0.074939996,44.337,1.35,45408325632.0,Technology,ON Semiconductor Corporation
OKE,16.14795,2.5528376,0.196,0.15903,149.644,5.61,57074671616.0,Energy,"ONEOK, Inc."
ORCL,31.52911,15.783473,0.206,0.53376,362.758,5.84,529566367744.0,Technology,Oracle Corporation
OTIS,18.81649,-4.8044276,0.064,,,3.76,27147911168.0,Industrials,Otis Worldwide Corporation
PCAR,25.16348,3.1569974,-0.089,0.13108,76.163,4.71,62375444480.0,Industrials,PACCAR Inc.
PKG,27.697815,4.404964,0.106,0.16313,95.185,8.24,20334983168.0,Consumer Cyclical,Packaging Corporation of Americ
PANW,243.14783,8.216384,0.311,0.048309997,7.698,1.15,227890298880.0,Technology,"Palo Alto Networks, Inc."
PH,33.338745,7.7976956,0.106,0.24841999,65.554,27.1,113916534784.0,Industrials,Parker-Hannifin Corporation
PAYX,22.214127,8.983217,0.199,,124.91,4.53,36054810624.0,Technology,"Paychex, Inc."
PAYC,15.569445,7.545858,0.078,0.37147,94.074,8.64,6272276992.0,Technology,"Paycom Software, Inc."
PYPL,7.7917447,1.8500534,0.072,0.25120002,58.28,5.33,36633837568.0,Financial Services,"PayPal Holdings, Inc."
PNR,18.542715,3.1301694,0.026,0.1761,54.634,3.98,11926489088.0,Industrials,Pentair plc.
PEP,22.612852,9.229736,0.085,0.43879002,244.837,6.38,197208571904.0,Consumer Defensive,"Pepsico, Inc."
PFE,20.007633,1.6578114,0.054,0.083100006,71.602,1.31,149382430720.0,Healthcare,"Pfizer, Inc."
PCG,13.139536,1.1786386,0.15,0.08826999,187.872,1.29,37327708160.0,Utilities,Pacific Gas & Electric Co.
PM,25.957747,-30.953981,0.091,,,7.1,287242387456.0,Consumer Defensive,Philip Morris International Inc
PSX,17.732214,2.5219946,0.069,0.14547,91.385,10.12,71947788288.0,Energy,Phillips 66
PNW,19.298508,1.7735106,0.114,0.09559,212.957,5.36,12535601152.0,Utilities,Pinnacle West Capital Corporati
PXD,,,,,,,,,
PNC,13.809414,1.5017251,0.138,0.12104,,17.21,95435849728.0,Financial Services,"PNC Financial Services Group, I"
POOL,17.922794,6.270903,0.062,0.34241,140.423,10.88,7106385920.0,Industrials,Pool Corporation
PPG,17.09742,3.282449,0.067,0.20748,93.736,6.98,26600884224.0,Basic Materials,"PPG Industries, Inc."
PPL,21.993864,1.7954625,0.108,0.08316,135.116,1.63,26971758592.0,Utilities,PPL Corporation
PFG,15.941894,2.0355577,-0.045,0.13385999,33.624,6.97,24002215936.0,Financial Services,Principal Financial Group Inc
PG,21.872807,6.481955,0.074,0.31112,67.651,6.84,348381708288.0,Consumer Defensive,Procter & Gamble Company (The)
PGR,10.331129,3.7022657,0.087,0.37903,26.174,19.66,118514688000.0,Financial Services,Progressive Corporation (The)
PLD,37.2782,2.5948606,0.083,0.06844,60.934,3.99,139375919104.0,Real Estate,"Prologis, Inc."
PRU,11.174047,1.1785665,0.153,0.10711,158.972,9.71,37684776960.0,Financial Services,"Prudential Financial, Inc."
PEG,17.632742,2.2938552,0.194,0.13441,141.01,4.52,39716212736.0,Utilities,Public Service Enterprise Group
PTC,10.920269,3.4016578,0.217,0.344,35.78,10.41,13130698752.0,Technology,PTC Inc.
PSA,33.671486,11.738395,0.032,0.20175,107.646,9.68,57217380352.0,Real Estate,Public Storage
PHM,11.923524,1.8138843,-0.124,0.16178,18.942,10.33,23462203392.0,Consumer Cyclical,"PulteGroup, Inc."
QRVO,27.234806,2.5865777,-0.07,0.10064,48.029,3.62,8677267456.0,Technology,"Qorvo, Inc."
PWR,97.08368,11.742044,0.263,0.13534,69.121,7.29,106203561984.0,Industrials,"Quanta Services, Inc."
QCOM,22.790096,8.219583,-0.035,0.36083,55.979,9.29,223152881664.0,Technology,QUALCOMM Incorporated
DGX,22.412802,3.0599759,0.092,0.14538999,82.737,9.06,22478016512.0,Healthcare,Quest Diagnostics Incorporated
RL,26.735937,8.475758,0.166,0.34664002,105.913,15.11,24043413504.0,Consumer Cyclical,Ralph Lauren Corporation
RJF,14.579791,2.3914254,0.131,0.17289,48.477,10.59,30089940992.0,Financial Services,"Raymond James Financial, Inc."
RTX,34.49812,3.728996,0.087,0.11571,57.229,5.32,247156801536.0,Industrials,RTX Corporation
O,51.409836,1.4939737,0.12,0.02831,73.467,1.22,58485932032.0,Real Estate,Realty Income Corporation
REG,27.587627,2.1983078,0.1,0.08003,73.218,2.91,15007139840.0,Real Estate,Regency Centers Corporation
REGN,14.948474,1.9853725,0.19,0.14548,8.612,40.95,64176164864.0,Healthcare,"Regeneron Pharmaceuticals, Inc."
RF,12.145228,1.43382,0.073,0.11895,,2.41,24978419712.0,Financial Services,Regions Financial Corporation
RSG,30.116213,5.396699,0.026,0.18346001,117.578,6.97,64581771264.0,Industrials,"Republic Services, Inc."
RMD,18.801159,4.3517504,0.108,0.25246,12.988,10.36,28254083072.0,Healthcare,ResMed Inc.
RVTY,47.913464,1.5488384,0.07,0.03227,46.642,2.08,11118047232.0,Healthcare,"Revvity, Inc."
ROK,47.600002,14.512195,0.119,0.27183,113.367,9.65,51112574976.0,Industrials,"Rockwell Automation, Inc."
ROL,43.293575,16.52311,0.102,0.38671002,77.235,1.09,22720268288.0,Consumer Cyclical,"Rollins, Inc."
ROP,20.922548,1.8227675,0.113,0.09012,55.606,16.01,33804288000.0,Technology,"Roper Technologies, Inc."
ROST,33.537712,12.226579,0.206,0.38981998,74.911,7.16,77029163008.0,Consumer Cyclical,"Ross Stores, Inc."
RCL,17.95,8.048007,0.113,0.49576,217.312,16.4,78951235584.0,Consumer Cyclical,Royal Caribbean Cruises Ltd.
SPGI,26.530083,3.9777236,0.104,0.13939999,38.392,15.79,123997364224.0,Financial Services,S&P Global Inc.
CRM,19.222479,3.9685655,0.133,0.16908,124.282,8.63,135863910400.0,Technology,"Salesforce, Inc."
SBAC,21.55684,-4.571205,0.059,,,9.5,21720643584.0,Real Estate,SBA Communications Corporation
SLB,24.7489,3.2086353,0.027,0.14066,42.515,2.27,83992338432.0,Energy,SLB Limited
STX,88.50189,190.78688,0.441,17.8797,381.553,10.52,208766156800.0,Technology,Seagate Technology Holdings PLC
SRE,31.391155,1.9067,-0.039,0.05689,85.267,2.94,60330655744.0,Utilities,DBA Sempra
NOW,60.803574,8.982589,0.221,0.1607,20.728,1.68,105348120576.0,Technology,"ServiceNow, Inc."
SHW,30.480307,17.55852,0.068,0.60723,329.521,10.41,78257479680.0,Basic Materials,Sherwin-Williams Company (The)
SPG,15.221681,14.742227,0.193,1.1359,457.473,14.39,83230736384.0,Real Estate,"Simon Property Group, Inc."
SWKS,30.820833,1.9295181,-0.01,0.06171,20.632,2.4,11125529600.0,Technology,"Skyworks Solutions, Inc."
SJM,,2.373762,0.058,-0.02386,128.609,-11.79,12423462912.0,Consumer Defensive,The J.M. Smucker Company
SNA,20.00413,3.3684835,0.052,0.18202,21.731,19.37,20072206336.0,Industrials,Snap-On Incorporated
SO,24.04092,2.8545399,0.08,0.109910004,190.431,3.91,105966305280.0,Utilities,Southern Company (The)
LUV,30.313334,3.2326179,0.128,0.10062,93.033,1.5,22224541696.0,Industrials,Southwest Airlines Company
SWK,34.270493,1.4479654,0.027,0.04165,77.606,2.44,12999194624.0,Industrials,"Stanley Black & Decker, Inc."
SBUX,78.656494,-13.869969,0.088,,,1.31,117434687488.0,Consumer Cyclical,Starbucks Corporation
STT,17.001015,1.9266044,-0.028,0.11261,,9.86,46394462208.0,Financial Services,State Street Corporation
STLD,30.30654,4.5754786,0.191,0.15247,45.994,9.33,40777609216.0,Basic Materials,"Steel Dynamics, Inc."
STE,26.174023,2.825791,0.073,0.11368,28.999,7.93,20228315136.0,Healthcare,STERIS plc (Ireland)
SYK,36.092487,5.326373,0.026,0.152,66.295,8.65,119685234688.0,Healthcare,Stryker Corporation
SYF,7.594203,1.6206067,0.061,0.2178,,9.66,24676120576.0,Financial Services,Synchrony Financial
SNPS,104.10321,2.85105,0.419,0.03824,35.574,4.36,86910558208.0,Technology,"Synopsys, Inc."
SYY,21.997223,16.612125,0.047,0.81894994,670.44,3.6,37867282432.0,Consumer Defensive,Sysco Corporation
TMUS,20.07431,3.674699,0.106,0.18024999,218.569,9.42,204644909056.0,Communication Services,"T-Mobile US, Inc."
TROW,11.763948,2.1859798,0.053,0.18688999,3.87,9.32,23492190208.0,Financial Services,"T. Rowe Price Group, Inc."
TTWO,,11.212603,0.061,-0.105579995,84.26,-1.63,39314915328.0,Communication Services,"Take-Two Interactive Software, "
TPR,45.08257,43.705902,0.212,0.60914004,574.912,3.27,29785432064.0,Consumer Cyclical,"Tapestry, Inc."
TRGP,27.84474,19.073608,-0.102,0.74097997,585.249,9.79,58511929344.0,Energy,"Targa Resources, Inc."
TGT,17.863935,3.7461908,0.067,0.22015,117.548,7.57,61420261376.0,Consumer Defensive,Target Corporation
TEL,21.511248,4.6441503,0.145,0.22719999,43.798,9.78,61409042432.0,Technology,TE Connectivity plc
TDY,31.745438,2.7499835,0.076,0.09049,23.133,19.72,29002967040.0,Technology,Teledyne Technologies Incorpora
TFX,1863.9999,1.8724797,0.323,0.00037999998,88.791,0.07,5776376832.0,Healthcare,Teleflex Incorporated
TER,74.666664,22.511307,0.87,0.2875,2.621,5.4,63117799424.0,Technology,"Teradyne, Inc."
TSLA,369.4818,18.56099,0.158,0.04901,18.738,1.1,1526438821888.0,Consumer Cyclical,"Tesla, Inc."
TXN,51.56164,16.332375,0.186,0.32347,83.741,5.84,274047139840.0,Technology,Texas Instruments Incorporated
TXT,17.713741,2.0166862,0.118,0.12254,52.674,5.24,16140375040.0,Industrials,Textron Inc.
TMO,25.773752,3.3062358,0.062,0.13523,82.903,18.21,174416822272.0,Healthcare,Thermo Fisher Scientific Inc
TJX,32.76459,18.29748,0.092,0.6125,136.307,5.14,186043269120.0,Consumer Cyclical,"TJX Companies, Inc. (The)"
TSCO,15.394089,6.3801556,0.036,0.45504,254.949,2.03,16389050368.0,Consumer Cyclical,Tractor Supply Company
TT,34.954235,11.7993145,0.06,0.36630002,53.597,13.11,101298667520.0,Industrials,Trane Technologies plc
TDG,39.2148,-7.641741,0.183,,,32.03,70255378432.0,Industrials,Transdigm Group Incorporated
TRV,9.082935,2.0236354,0.01,0.25272,28.975,33.52,64741797888.0,Financial Services,"The Travelers Companies, Inc."
TRMB,26.397905,2.0723386,0.118,0.08252,25.062,1.91,11753482240.0,Technology,Trimble Inc.
TFC,12.787128,1.082066,0.052,0.08579001,,4.04,64362123264.0,Financial Services,Truist Financial Corporation
TYL,41.333332,3.5649185,0.086,0.08930001,1.348,7.23,12294444032.0,Technology,"Tyler Technologies, Inc."
TSN,45.220474,1.1174022,0.044,0.02619,44.41,1.27,20222791680.0,Consumer Defensive,"Tyson Foods, Inc."
USB,12.356394,1.5701841,0.046,0.123500004,,4.77,91812708352.0,Financial Services,U.S. Bancorp
UDR,26.802721,3.9597993,0.042,0.123500004,142.368,1.47,14598317056.0,Real Estate,"UDR, Inc."
ULTA,17.544636,7.3688855,0.111,0.47449002,89.209,26.66,20107821056.0,Consumer Cyclical,"Ulta Beauty, Inc."
UNP,22.425987,8.33741,0.032,0.40686,162.246,12.16,161905606656.0,Industrials,Union Pacific Corporation
UAL,10.332736,2.3619373,0.106,0.25726998,195.081,11.18,37494292480.0,Industrials,"United Airlines Holdings, Inc."
UPS,17.491909,5.655836,-0.016,0.33353,181.508,6.18,91885674496.0,Industrials,"United Parcel Service, Inc."
URI,27.474169,7.5142174,0.072,0.28237,167.473,39.1,67297435648.0,Industrials,"United Rentals, Inc."
UNH,30.762049,3.7896807,0.02,0.121759996,73.982,13.28,370995134464.0,Healthcare,UnitedHealth Group Incorporated
UHS,6.1135697,1.1873946,0.096,0.21369,67.405,23.95,8863732736.0,Healthcare,"Universal Health Services, Inc."
VLO,18.908627,3.2592866,0.066,0.1585,42.664,13.68,76807602176.0,Energy,Valero Energy Corporation
VTR,153.81818,3.1332173,0.219,0.0214,93.736,0.55,41129959424.0,Real Estate,"Ventas, Inc."
VLTO,21.484535,6.813241,0.068,0.36463,95.542,3.88,20473155584.0,Industrials,Veralto Corp
VRSN,30.961285,-11.520004,0.066,,,9.04,25469990912.0,Technology,"VeriSign, Inc."
VRSK,28.018293,82.31079,0.039,,,6.56,24081815552.0,Industrials,"Verisk Analytics, Inc."
VZ,11.734147,1.9422688,0.029,0.17198,192.045,4.1,200886140928.0,Communication Services,Verizon Communications Inc.
VRTX,26.389381,5.84052,0.078,0.24197,10.26,16.86,112924377088.0,Healthcare,Vertex Pharmaceuticals Incorpor
VFC,27.5625,1.8658767,0.01,0.22092,269.388,0.64,6910817280.0,Consumer Cyclical,V.F. Corporation
VTRS,,1.2896158,0.081,-0.01957,99.675,-0.3,19191828480.0,Healthcare,Viatris Inc.
VICI,9.767123,1.0815731,0.035,0.11331,61.853,2.92,30709770240.0,Real Estate,VICI Properties Inc.
V,28.082754,17.293745,0.171,0.60349,67.233,11.48,613103173632.0,Financial Services,Visa Inc.
VMC,33.901775,4.388596,0.074,0.13458,61.249,8.45,37170884608.0,Basic Materials,Vulcan Materials Company (Holdi
WRK,,,,,,,,,
WAB,37.45763,4.060572,0.13,0.11305001,62.03,7.08,44998434816.0,Industrials,Westinghouse Air Brake Technolo
WBA,,,,,,,,,
WMT,42.61972,9.6824255,0.073,0.24132,74.816,2.84,963245899776.0,Consumer Defensive,Walmart Inc.
DIS,16.006401,1.6058558,0.065,0.1101,41.069,6.25,173720616960.0,Communication Services,Walt Disney Company (The)
WBD,,1.8628737,-0.01,-0.049590003,96.318,-0.7,67642548224.0,Communication Services,"Warner Bros. Discovery, Inc. - "
WM,31.758322,8.809361,0.035,0.29936,228.408,6.91,88125792256.0,Industrials,"Waste Management, Inc."
WAT,45.232822,8.266025,0.914,0.05212,36.634,7.86,34908016640.0,Healthcare,Waters Corporation
WEC,22.733469,2.7119942,0.09,0.11679,153.184,4.99,36950319104.0,Utilities,"WEC Energy Group, Inc."
WFC,12.941268,1.5740497,0.057,0.12028,,6.47,256229670912.0,Financial Services,Wells Fargo & Company
WELL,102.99519,3.5417528,0.383,0.03665,44.486,2.08,151228039168.0,Real Estate,Welltower Inc.
WST,44.077747,7.796007,0.21,0.19131,10.734,7.46,23230341120.0,Healthcare,"West Pharmaceutical Services, I"
WDC,33.667763,26.914892,0.455,0.85920995,17.81,16.72,194030190592.0,Technology,Western Digital Corporation
WY,44.375,1.8982508,-0.02,0.04161,57.729,0.56,17917908992.0,Real Estate,Weyerhaeuser Company
WHR,14.538982,0.73713154,-0.096,0.054840002,188.335,2.95,2780263680.0,Consumer Cyclical,Whirlpool Corporation
WMB,31.614037,6.8962884,0.09,0.19656,199.855,2.28,88153718784.0,Energy,"Williams Companies, Inc. (The)"
WTW,15.412559,3.1307592,0.085,0.20611,85.693,17.04,24804872192.0,Financial Services,Willis Towers Watson Public Lim
GWW,35.334854,15.812895,0.101,0.46129,64.034,37.24,62126329856.0,Industrials,"W.W. Grainger, Inc."
WYNN,30.73639,-39.906994,0.092,,,3.49,11133202432.0,Consumer Cyclical,"Wynn Resorts, Limited"
XEL,22.829971,2.0925012,0.029,0.0959,164.845,3.47,49454637056.0,Utilities,Xcel Energy Inc.
XYL,27.383085,2.3356674,0.027,0.08724,18.354,4.02,26165299200.0,Industrials,Xylem Inc.
YUM,24.88871,-5.83535,0.152,,,6.2,42531110912.0,Consumer Cyclical,"Yum! Brands, Inc."
ZBRA,27.620312,3.1571963,0.143,0.11781,82.104,8.27,10880418816.0,Technology,Zebra Technologies Corporation
ZBH,22.945597,1.3516153,0.093,0.060650002,59.827,3.86,17134971904.0,Healthcare,"Zimmer Biomet Holdings, Inc."
ZTS,13.044263,10.150529,0.029,0.67748,286.236,6.1,33357981696.0,Healthcare,Zoetis Inc.
