order_date,daily_gmv,gmv_7d,gmv_30d,buyers_30d,monthly_gmv,prev_month_gmv,mom_growth_pct
2023-01-01,3434.49,3434.49,3434.49,4,67664.20,,
2023-01-02,1261.37,4695.86,4695.86,10,67664.20,67664.20,0.0
2023-01-03,179.46,4875.32,4875.32,12,67664.20,67664.20,0.0
2023-01-04,1864.78,6740.10,6740.10,16,67664.20,67664.20,0.0
2023-01-05,617.36,7357.46,7357.46,19,67664.20,67664.20,0.0
2023-01-06,691.11,8048.57,8048.57,21,67664.20,67664.20,0.0
2023-01-07,11435.52,19484.09,19484.09,29,67664.20,67664.20,0.0
2023-01-08,532.82,16582.42,20016.91,31,67664.20,67664.20,0.0
2023-01-09,967.09,16288.14,20984.00,35,67664.20,67664.20,0.0
2023-01-10,2165.28,18273.96,23149.28,40,67664.20,67664.20,0.0
2023-01-11,319.07,16728.25,23468.35,44,67664.20,67664.20,0.0
2023-01-12,2440.88,18551.77,25909.23,48,67664.20,67664.20,0.0
2023-01-13,431.16,18291.82,26340.39,50,67664.20,67664.20,0.0
2023-01-14,920.79,7777.09,27261.18,53,67664.20,67664.20,0.0
2023-01-15,4428.43,11672.70,31689.61,59,67664.20,67664.20,0.0
2023-01-16,7060.77,17766.38,38750.38,66,67664.20,67664.20,0.0
2023-01-17,1837.61,17438.71,40587.99,70,67664.20,67664.20,0.0
2023-01-18,1488.43,18608.07,42076.42,73,67664.20,67664.20,0.0
2023-01-19,3485.57,19652.76,45561.99,76,67664.20,67664.20,0.0
2023-01-20,2305.88,21527.48,47867.87,81,67664.20,67664.20,0.0
2023-01-21,879.00,21485.69,48746.87,86,67664.20,67664.20,0.0
2023-01-22,2254.76,19312.02,51001.63,89,67664.20,67664.20,0.0
2023-01-23,1926.76,14178.01,52928.39,91,67664.20,67664.20,0.0
2023-01-24,332.54,12672.94,53260.93,92,67664.20,67664.20,0.0
2023-01-25,647.41,11831.92,53908.34,94,67664.20,67664.20,0.0
2023-01-26,518.74,8865.09,54427.08,97,67664.20,67664.20,0.0
2023-01-27,3291.61,9850.82,57718.69,103,67664.20,67664.20,0.0
2023-01-28,2010.69,10982.51,59729.38,108,67664.20,67664.20,0.0
2023-01-29,2720.75,11448.50,62450.13,113,67664.20,67664.20,0.0
2023-01-30,3301.19,12822.93,65751.32,116,67664.20,67664.20,0.0
2023-01-31,1912.88,14403.27,64229.71,118,67664.20,67664.20,0.0
2023-02-01,551.75,14307.61,63520.09,114,67284.19,67664.20,-0.6
2023-02-02,5546.46,19335.33,68887.09,120,67284.19,67284.19,0.0
2023-02-03,1419.69,17463.41,68442.00,121,67284.19,67284.19,0.0
2023-02-04,2682.98,18135.70,70507.62,121,67284.19,67284.19,0.0
2023-02-05,7127.88,22542.83,76944.39,123,67284.19,67284.19,0.0
2023-02-06,548.90,19790.54,66057.77,119,67284.19,67284.19,0.0
2023-02-07,8919.06,26796.72,74444.01,123,67284.19,67284.19,0.0
2023-02-08,1633.80,27878.77,75110.72,123,67284.19,67284.19,0.0
2023-02-09,1747.30,24079.61,74692.74,123,67284.19,67284.19,0.0
2023-02-10,868.15,23528.07,75241.82,122,67284.19,67284.19,0.0
2023-02-11,1196.05,22041.14,73996.99,123,67284.19,67284.19,0.0
2023-02-12,1273.18,16186.44,74839.01,122,67284.19,67284.19,0.0
2023-02-13,13.90,15651.44,73932.12,120,67284.19,67284.19,0.0
2023-02-14,3003.34,9735.72,72507.03,117,67284.19,67284.19,0.0
2023-02-15,6072.21,14174.13,71518.47,116,67284.19,67284.19,0.0
2023-02-16,2379.43,14806.26,72060.29,117,67284.19,67284.19,0.0
2023-02-17,2749.51,16687.62,73321.37,117,67284.19,67284.19,0.0
2023-02-18,887.71,16379.28,70723.51,119,67284.19,67284.19,0.0
2023-02-19,1405.47,16511.57,69823.10,116,67284.19,67284.19,0.0
2023-02-20,856.08,17353.75,69800.18,115,67284.19,67284.19,0.0
2023-02-21,1511.08,15861.49,69056.50,117,67284.19,67284.19,0.0
2023-02-22,6206.75,15996.03,73336.49,120,67284.19,67284.19,0.0
2023-02-23,1672.80,15289.40,74676.75,123,67284.19,67284.19,0.0
2023-02-24,3.60,12543.49,74032.94,122,67284.19,67284.19,0.0
2023-02-25,977.98,12633.76,74492.18,122,67284.19,67284.19,0.0
2023-02-26,507.32,11735.61,71707.89,118,67284.19,67284.19,0.0
2023-02-27,2374.77,13254.30,72071.97,115,67284.19,67284.19,0.0
2023-02-28,3147.04,14890.26,72498.26,112,67284.19,67284.19,0.0
2023-03-01,4134.10,12817.61,73331.17,114,105026.96,67284.19,56.1
2023-03-02,5457.68,16602.49,76875.97,115,105026.96,105026.96,0.0
2023-03-03,5185.39,21784.28,81509.61,120,105026.96,105026.96,0.0
2023-03-04,3603.64,24409.94,79566.79,118,105026.96,105026.96,0.0
2023-03-05,2819.18,26721.80,80966.28,119,105026.96,105026.96,0.0
2023-03-06,1702.31,26049.34,79985.61,124,105026.96,105026.96,0.0
2023-03-07,772.58,23674.88,73630.31,122,105026.96,105026.96,0.0
2023-03-08,1207.91,20748.69,74289.32,123,105026.96,105026.96,0.0
2023-03-09,1775.46,17066.47,67145.72,125,105026.96,105026.96,0.0
2023-03-10,454.01,12335.09,65965.93,123,105026.96,105026.96,0.0
2023-03-11,1498.92,10230.37,65717.55,122,105026.96,105026.96,0.0
2023-03-12,2107.26,9518.45,66956.66,124,105026.96,105026.96,0.0
2023-03-13,2913.13,10729.27,68673.74,125,105026.96,105026.96,0.0
2023-03-14,8071.36,18028.05,75471.92,133,105026.96,105026.96,0.0
2023-03-15,8852.71,25672.85,84310.73,139,105026.96,105026.96,0.0
2023-03-16,7538.65,31436.04,88846.04,140,105026.96,105026.96,0.0
2023-03-17,393.50,31375.53,83167.33,140,105026.96,105026.96,0.0
2023-03-18,1624.19,31500.80,82412.09,139,105026.96,105026.96,0.0
2023-03-19,1417.96,30811.50,81080.54,141,105026.96,105026.96,0.0
2023-03-20,3992.75,31891.12,84185.58,144,105026.96,105026.96,0.0
2023-03-21,5688.10,29507.86,88468.21,151,105026.96,105026.96,0.0
2023-03-22,486.83,21141.98,88098.96,149,105026.96,105026.96,0.0
2023-03-23,5308.90,18912.23,91896.78,150,105026.96,105026.96,0.0
2023-03-24,943.86,19462.59,86633.89,147,105026.96,105026.96,0.0
2023-03-25,2914.17,20752.57,87875.26,147,105026.96,105026.96,0.0
2023-03-26,5576.01,24910.62,93447.67,156,105026.96,105026.96,0.0
2023-03-27,7791.38,28709.25,100261.07,161,105026.96,105026.96,0.0
2023-03-28,3686.35,26707.50,103440.10,165,105026.96,105026.96,0.0
2023-03-29,2271.26,28491.93,103336.59,167,105026.96,105026.96,0.0
2023-03-30,1741.02,24924.05,101930.57,170,105026.96,105026.96,0.0
2023-03-31,3096.39,27076.58,100892.86,170,105026.96,105026.96,0.0
2023-04-01,810.71,24973.12,96245.89,167,145973.02,105026.96,39.0
2023-04-02,4851.88,24248.99,95912.38,167,145973.02,145973.02,0.0
2023-04-03,1027.79,17485.40,93336.53,165,145973.02,145973.02,0.0
2023-04-04,3102.54,16901.59,93619.89,164,145973.02,145973.02,0.0
2023-04-05,2236.76,16867.09,94154.34,161,145973.02,145973.02,0.0
2023-04-06,5480.31,20606.38,98862.07,165,145973.02,145973.02,0.0
2023-04-07,4871.68,22381.67,102525.84,167,145973.02,145973.02,0.0
2023-04-08,897.56,22468.52,101647.94,163,145973.02,145973.02,0.0
2023-04-09,7672.12,25288.76,108866.05,168,145973.02,145973.02,0.0
2023-04-10,4708.26,28969.23,112075.39,171,145973.02,145973.02,0.0
2023-04-11,2837.18,28703.87,112805.31,169,145973.02,145973.02,0.0
2023-04-12,2402.83,28869.94,112295.01,167,145973.02,145973.02,0.0
2023-04-13,6196.92,29586.55,110420.57,165,145973.02,145973.02,0.0
2023-04-14,5403.92,30118.79,106971.78,168,145973.02,145973.02,0.0
2023-04-15,4653.87,33875.10,104087.00,167,145973.02,145973.02,0.0
2023-04-16,7690.31,33893.29,111383.81,172,145973.02,145973.02,0.0
2023-04-17,12397.36,41582.39,122156.98,177,145973.02,145973.02,0.0
2023-04-18,4302.10,43047.31,125041.12,178,145973.02,145973.02,0.0
2023-04-19,763.04,41407.52,121811.41,177,145973.02,145973.02,0.0
2023-04-20,7305.66,42516.26,123428.97,175,145973.02,145973.02,0.0
2023-04-21,4108.01,41220.35,127050.15,179,145973.02,145973.02,0.0
2023-04-22,2165.65,38732.13,123906.90,178,145973.02,145973.02,0.0
2023-04-23,8468.37,39510.19,131431.41,183,145973.02,145973.02,0.0
2023-04-24,12303.57,39416.40,140820.81,187,145973.02,145973.02,0.0
2023-04-25,2620.51,37734.81,137865.31,184,145973.02,145973.02,0.0
2023-04-26,3442.17,40413.94,133516.10,180,145973.02,145973.02,0.0
2023-04-27,1332.53,34440.81,131162.28,177,145973.02,145973.02,0.0
2023-04-28,5495.10,35827.90,134386.12,182,145973.02,145973.02,0.0
2023-04-29,8253.28,41915.53,140898.38,182,145973.02,145973.02,0.0
2023-04-30,8171.03,41618.19,145973.02,187,145973.02,145973.02,0.0
2023-05-01,8951.84,38266.46,154114.15,192,120013.12,145973.02,-17.8
2023-05-02,5468.13,41114.08,154730.40,191,120013.12,120013.12,0.0
2023-05-03,4261.60,41933.51,157964.21,191,120013.12,120013.12,0.0
2023-05-04,5895.56,46496.54,160757.23,195,120013.12,120013.12,0.0
2023-05-05,5270.75,46272.19,163791.22,196,120013.12,120013.12,0.0
2023-05-06,3475.14,41494.05,161786.05,194,120013.12,120013.12,0.0
2023-05-07,9217.46,42540.48,166131.83,193,120013.12,120013.12,0.0
2023-05-08,1960.14,35548.78,167194.41,193,120013.12,120013.12,0.0
2023-05-09,1715.57,31796.22,161237.86,189,120013.12,120013.12,0.0
2023-05-10,1340.28,28874.90,157869.88,189,120013.12,120013.12,0.0
2023-05-11,3706.85,26686.19,158739.55,191,120013.12,120013.12,0.0
2023-05-12,1583.03,22998.47,157919.75,189,120013.12,120013.12,0.0
2023-05-13,2839.24,22362.57,154562.07,185,120013.12,120013.12,0.0
2023-05-14,7143.12,20288.23,156301.27,186,120013.12,120013.12,0.0
2023-05-15,2042.57,20370.66,153689.97,191,120013.12,120013.12,0.0
2023-05-16,449.85,19104.94,146449.51,183,120013.12,120013.12,0.0
2023-05-17,4074.44,21839.10,138126.59,181,120013.12,120013.12,0.0
2023-05-18,4587.41,22719.66,138411.90,181,120013.12,120013.12,0.0
2023-05-19,624.81,21761.44,138273.67,176,120013.12,120013.12,0.0
2023-05-20,2365.75,21287.95,133333.76,177,120013.12,120013.12,0.0
2023-05-21,523.40,14668.23,129749.15,175,120013.12,120013.12,0.0
2023-05-22,8191.34,20817.00,135774.84,177,120013.12,120013.12,0.0
2023-05-23,3594.51,23961.66,130900.98,173,120013.12,120013.12,0.0
2023-05-24,3959.82,23847.04,122557.23,170,120013.12,120013.12,0.0
2023-05-25,3636.87,22896.50,123573.59,169,120013.12,120013.12,0.0
2023-05-26,1054.26,23325.95,121185.68,171,120013.12,120013.12,0.0
2023-05-27,1398.08,22358.28,121251.23,171,120013.12,120013.12,0.0
2023-05-28,4205.41,26040.29,119961.54,168,120013.12,120013.12,0.0
2023-05-29,845.80,18694.75,112554.06,165,120013.12,120013.12,0.0
2023-05-30,14754.91,29855.15,119137.94,164,120013.12,120013.12,0.0
2023-05-31,875.18,26770.51,111061.28,157,120013.12,120013.12,0.0
2023-06-01,9670.72,32804.36,115263.87,160,131082.58,120013.12,9.2
2023-06-02,8953.08,40703.18,119955.35,166,131082.58,131082.58,0.0
2023-06-03,14428.52,53733.62,128488.31,166,131082.58,131082.58,0.0
2023-06-04,3163.91,52692.12,126381.47,164,131082.58,131082.58,0.0
2023-06-05,948.74,52795.06,123855.07,165,131082.58,131082.58,0.0
2023-06-06,2544.95,40585.10,117182.56,162,131082.58,131082.58,0.0
2023-06-07,4863.08,44573.00,120085.50,166,131082.58,131082.58,0.0
2023-06-08,8347.51,43249.79,126717.44,173,131082.58,131082.58,0.0
2023-06-09,4195.16,38491.87,129572.32,171,131082.58,131082.58,0.0
2023-06-10,5548.33,29611.68,131413.80,176,131082.58,131082.58,0.0
2023-06-11,6816.76,33264.53,136647.53,179,131082.58,131082.58,0.0
2023-06-12,1313.82,33629.61,135122.11,180,131082.58,131082.58,0.0
2023-06-13,3526.60,34611.26,131505.59,173,131082.58,131082.58,0.0
2023-06-14,6277.03,36025.21,135740.05,172,131082.58,131082.58,0.0
2023-06-15,6745.69,34423.39,142035.89,174,131082.58,131082.58,0.0
2023-06-16,1889.46,32117.69,139850.91,170,131082.58,131082.58,0.0
2023-06-17,3552.22,30121.58,138815.72,168,131082.58,131082.58,0.0
2023-06-18,3681.55,26986.37,141872.46,172,131082.58,131082.58,0.0
2023-06-19,796.88,26469.43,140303.59,166,131082.58,131082.58,0.0
2023-06-20,637.22,23580.05,140417.41,166,131082.58,131082.58,0.0
2023-06-21,1771.12,19074.14,133997.19,164,131082.58,131082.58,0.0
2023-06-22,3535.90,15864.35,133938.58,168,131082.58,131082.58,0.0
2023-06-23,913.98,14888.87,130892.74,170,131082.58,131082.58,0.0
2023-06-24,4734.93,16071.58,131990.80,168,131082.58,131082.58,0.0
2023-06-25,5669.06,18059.09,136605.60,175,131082.58,131082.58,0.0
2023-06-26,2799.39,20061.60,138006.91,178,131082.58,131082.58,0.0
2023-06-27,1536.47,20960.85,135337.97,179,131082.58,131082.58,0.0
2023-06-28,5336.26,24525.99,139828.43,187,131082.58,131082.58,0.0
2023-06-29,444.29,21434.38,125517.81,180,131082.58,131082.58,0.0
2023-06-30,6439.95,26960.35,131082.58,186,131082.58,131082.58,0.0
2023-07-01,5508.34,27733.76,126920.20,189,259645.45,131082.58,98.1
2023-07-02,4998.02,27062.72,122965.14,188,259645.45,259645.45,0.0
2023-07-03,7023.30,31286.63,115559.92,188,259645.45,259645.45,0.0
2023-07-04,6660.94,36411.10,119056.95,196,259645.45,259645.45,0.0
2023-07-05,7174.44,38249.28,125282.65,207,259645.45,259645.45,0.0
2023-07-06,2456.64,40261.63,125194.34,215,259645.45,259645.45,0.0
2023-07-07,5787.17,39608.85,126118.43,219,259645.45,259645.45,0.0
2023-07-08,12499.26,46599.77,130270.18,221,259645.45,259645.45,0.0
2023-07-09,6107.48,47709.23,132182.50,223,259645.45,259645.45,0.0
2023-07-10,3778.01,44463.94,130412.18,226,259645.45,259645.45,0.0
2023-07-11,11066.53,48869.53,134661.95,233,259645.45,259645.45,0.0
2023-07-12,21818.93,63514.02,155167.06,243,259645.45,259645.45,0.0
2023-07-13,18235.22,79292.60,169875.68,252,259645.45,259645.45,0.0
2023-07-14,7773.24,81278.67,171371.89,257,259645.45,259645.45,0.0
2023-07-15,17495.24,86274.65,182121.44,266,259645.45,259645.45,0.0
2023-07-16,765.70,80932.87,180997.68,266,259645.45,259645.45,0.0
2023-07-17,6908.85,84063.71,184354.31,274,259645.45,259645.45,0.0
2023-07-18,4921.01,77918.19,185593.77,278,259645.45,259645.45,0.0
2023-07-19,12871.39,68970.65,197668.28,289,259645.45,259645.45,0.0
2023-07-20,9520.06,60255.49,206551.12,297,259645.45,259645.45,0.0
2023-07-21,9813.79,62296.04,214593.79,301,259645.45,259645.45,0.0
2023-07-22,8451.50,53252.30,219509.39,309,259645.45,259645.45,0.0
2023-07-23,5764.20,58250.80,224359.61,311,259645.45,259645.45,0.0
2023-07-24,4049.08,55391.03,223673.76,320,259645.45,259645.45,0.0
2023-07-25,6536.65,57006.67,224541.35,322,259645.45,259645.45,0.0
2023-07-26,6605.22,50740.50,228347.18,325,259645.45,259645.45,0.0
2023-07-27,4150.32,45370.76,230961.03,329,259645.45,259645.45,0.0
2023-07-28,9824.79,45381.76,235449.56,328,259645.45,259645.45,0.0
2023-07-29,10401.70,47331.96,245406.97,335,259645.45,259645.45,0.0
2023-07-30,8130.18,49697.94,247097.20,342,259645.45,259645.45,0.0
2023-07-31,12548.25,58197.11,254137.11,340,259645.45,259645.45,0.0
2023-08-01,5033.88,56694.34,254172.97,336,127165.54,259645.45,-51.0
2023-08-02,1221.74,51310.86,248371.41,331,127165.54,127165.54,0.0
2023-08-03,5586.84,52747.38,247297.31,327,127165.54,127165.54,0.0
2023-08-04,501.84,43424.43,240624.71,313,127165.54,127165.54,0.0
2023-08-05,3564.10,36586.83,241732.17,311,127165.54,127165.54,0.0
2023-08-06,7313.42,35770.07,243258.42,304,127165.54,127165.54,0.0
2023-08-07,8536.19,31758.01,239295.35,299,127165.54,127165.54,0.0
2023-08-08,8030.38,34754.51,241218.25,302,127165.54,127165.54,0.0
2023-08-09,3124.29,36657.06,240564.53,298,127165.54,127165.54,0.0
2023-08-10,5140.49,36210.71,234638.49,296,127165.54,127165.54,0.0
2023-08-11,2971.59,38680.46,215791.15,286,127165.54,127165.54,0.0
2023-08-12,7343.29,42459.65,204899.22,278,127165.54,127165.54,0.0
2023-08-13,1941.90,37088.13,199067.88,269,127165.54,127165.54,0.0
2023-08-14,2010.79,30562.73,183583.43,259,127165.54,127165.54,0.0
2023-08-15,2722.82,25255.17,185540.55,259,127165.54,127165.54,0.0
2023-08-16,3600.11,25730.99,182231.81,250,127165.54,127165.54,0.0
2023-08-17,3642.03,24232.53,180952.83,245,127165.54,127165.54,0.0
2023-08-18,1727.00,22987.94,169808.44,239,127165.54,127165.54,0.0
2023-08-19,5758.60,21403.25,166046.98,236,127165.54,127165.54,0.0
2023-08-20,2506.35,21967.70,158739.54,233,127165.54,127165.54,0.0
2023-08-21,7326.70,27283.61,157614.74,225,127165.54,127165.54,0.0
2023-08-22,4161.33,28722.12,156011.87,220,127165.54,127165.54,0.0
2023-08-23,2399.22,27521.23,154362.01,217,127165.54,127165.54,0.0
2023-08-24,5616.64,29495.84,153442.00,207,127165.54,127165.54,0.0
2023-08-25,3470.98,31239.82,150307.76,205,127165.54,127165.54,0.0
2023-08-26,8552.08,34033.30,154709.52,201,127165.54,127165.54,0.0
2023-08-27,2332.74,33859.69,147217.47,202,127165.54,127165.54,0.0
2023-08-28,553.06,27086.05,137368.83,194,127165.54,127165.54,0.0
2023-08-29,1032.95,23957.67,130271.60,182,127165.54,127165.54,0.0
2023-08-30,445.13,22003.58,118168.48,174,127165.54,127165.54,0.0
2023-08-31,8997.06,25384.00,122131.66,176,127165.54,127165.54,0.0
2023-09-01,1372.17,23285.19,122282.09,176,124437.88,127165.54,-2.1
2023-09-02,12189.95,26923.06,128885.20,177,124437.88,124437.88,0.0
2023-09-03,484.49,25074.81,128867.85,176,124437.88,124437.88,0.0
2023-09-04,8308.10,32829.85,133611.85,175,124437.88,124437.88,0.0
2023-09-05,5556.67,37353.57,131855.10,178,124437.88,124437.88,0.0
2023-09-06,2282.15,39190.59,125601.06,174,124437.88,124437.88,0.0
2023-09-07,3964.30,34157.83,121534.98,176,124437.88,124437.88,0.0
2023-09-08,656.98,33442.64,119067.67,171,124437.88,124437.88,0.0
2023-09-09,6918.46,28171.15,120845.64,171,124437.88,124437.88,0.0
2023-09-10,242.28,27928.94,118116.33,170,124437.88,124437.88,0.0
2023-09-11,4363.43,23984.27,115136.47,171,124437.88,124437.88,0.0
2023-09-12,9804.17,28231.77,122998.74,178,124437.88,124437.88,0.0
2023-09-13,403.06,26352.68,121391.01,177,124437.88,124437.88,0.0
2023-09-14,2848.70,25237.08,121516.89,181,124437.88,124437.88,0.0
2023-09-15,765.11,25345.21,118681.89,183,124437.88,124437.88,0.0
2023-09-16,4947.46,23374.21,119987.32,187,124437.88,124437.88,0.0
2023-09-17,2278.07,25410.00,120538.39,184,124437.88,124437.88,0.0
2023-09-18,8502.43,29549.00,123282.22,186,124437.88,124437.88,0.0
2023-09-19,6132.74,25877.57,126908.61,188,124437.88,124437.88,0.0
2023-09-20,7729.86,33204.37,127311.77,191,124437.88,124437.88,0.0
2023-09-21,4294.33,34650.00,127444.77,193,124437.88,124437.88,0.0
2023-09-22,5217.53,39102.42,130263.08,193,124437.88,124437.88,0.0
2023-09-23,1717.80,35872.76,126364.24,193,124437.88,124437.88,0.0
2023-09-24,6211.28,39805.97,129104.54,193,124437.88,124437.88,0.0
2023-09-25,621.72,31925.26,121174.18,189,124437.88,124437.88,0.0
2023-09-26,1504.92,27297.44,120346.36,180,124437.88,124437.88,0.0
2023-09-27,4101.80,23669.38,123895.10,183,124437.88,124437.88,0.0
2023-09-28,4283.58,23658.63,127145.73,186,124437.88,124437.88,0.0
2023-09-29,1159.35,19600.45,127859.95,189,124437.88,124437.88,0.0
2023-09-30,5574.99,23457.64,124437.88,188,124437.88,124437.88,0.0
2023-10-01,4305.66,21552.02,127371.37,189,129518.15,124437.88,4.1
2023-10-02,4656.71,25587.01,119838.13,186,129518.15,129518.15,0.0
2023-10-03,5588.16,29670.25,124941.80,192,129518.15,129518.15,0.0
2023-10-04,8122.57,33691.02,124756.27,195,129518.15,129518.15,0.0
2023-10-05,7290.82,36698.26,126490.42,197,129518.15,129518.15,0.0
2023-10-06,3049.48,38588.39,127257.75,200,129518.15,129518.15,0.0
2023-10-07,1341.80,34355.20,124635.25,193,129518.15,129518.15,0.0
2023-10-08,3067.54,33117.08,127045.81,191,129518.15,129518.15,0.0
2023-10-09,2809.15,31269.52,122936.50,190,129518.15,129518.15,0.0
2023-10-10,9711.54,35392.90,132405.76,193,129518.15,129518.15,0.0
2023-10-11,5857.32,33127.65,133899.65,190,129518.15,129518.15,0.0
2023-10-12,4809.90,30646.73,128905.38,189,129518.15,129518.15,0.0
2023-10-13,742.06,28339.31,129244.38,188,129518.15,129518.15,0.0
2023-10-14,6295.51,33293.02,132691.19,192,129518.15,129518.15,0.0
2023-10-15,4949.94,35175.42,136876.02,195,129518.15,129518.15,0.0
2023-10-16,1882.54,34248.81,133811.10,192,129518.15,129518.15,0.0
2023-10-17,3199.41,27736.68,134732.44,191,129518.15,129518.15,0.0
2023-10-18,4111.62,25990.98,130341.63,188,129518.15,129518.15,0.0
2023-10-19,5598.67,26779.75,129807.56,189,129518.15,129518.15,0.0
2023-10-20,3317.33,29355.02,125395.03,186,129518.15,129518.15,0.0
2023-10-21,9023.64,32083.15,130124.34,190,129518.15,129518.15,0.0
2023-10-22,1776.63,28909.84,126683.44,184,129518.15,129518.15,0.0
2023-10-23,1092.46,28119.76,126058.10,183,129518.15,129518.15,0.0
2023-10-24,577.50,25497.85,120424.32,177,129518.15,129518.15,0.0
2023-10-25,119.34,21505.57,119921.94,175,129518.15,129518.15,0.0
2023-10-26,3296.64,19203.54,121713.66,179,129518.15,129518.15,0.0
2023-10-27,3504.14,19390.35,121116.00,181,129518.15,129518.15,0.0
2023-10-28,1769.67,12136.38,118602.09,180,129518.15,129518.15,0.0
2023-10-29,4803.39,15163.14,122246.13,178,129518.15,129518.15,0.0
2023-10-30,3612.54,17683.22,120283.68,178,129518.15,129518.15,0.0
2023-10-31,9234.47,26340.19,125212.49,183,129518.15,129518.15,0.0
2023-11-01,26261.36,52482.21,146817.14,199,389428.23,129518.15,200.7
2023-11-02,6698.40,55883.97,147927.38,203,389428.23,389428.23,0.0
2023-11-03,8155.33,60535.16,147960.14,204,389428.23,389428.23,0.0
2023-11-04,10453.73,69219.22,151123.05,208,389428.23,389428.23,0.0
2023-11-05,7775.53,72191.36,155849.10,216,389428.23,389428.23,0.0
2023-11-06,13423.36,82002.18,167930.66,232,389428.23,389428.23,0.0
2023-11-07,6380.01,79147.72,171243.13,245,389428.23,389428.23,0.0
2023-11-08,14523.49,67409.85,182957.47,252,389428.23,389428.23,0.0
2023-11-09,10187.96,70899.41,183433.89,256,389428.23,389428.23,0.0
2023-11-10,5528.60,68272.68,183105.17,264,389428.23,389428.23,0.0
2023-11-11,27357.67,85176.62,205652.94,275,389428.23,389428.23,0.0
2023-11-12,7228.58,84629.67,212139.46,285,389428.23,389428.23,0.0
2023-11-13,7970.86,79177.17,213814.81,289,389428.23,389428.23,0.0
2023-11-14,22865.12,95662.28,231729.99,297,389428.23,389428.23,0.0
2023-11-15,7776.18,88914.97,237623.63,310,389428.23,389428.23,0.0
2023-11-16,19975.24,98702.25,254399.46,322,389428.23,389428.23,0.0
2023-11-17,5584.79,98758.44,255872.63,324,389428.23,389428.23,0.0
2023-11-18,27386.90,98787.67,277660.86,335,389428.23,389428.23,0.0
2023-11-19,9302.66,100861.75,283646.19,349,389428.23,389428.23,0.0
2023-11-20,6072.70,98963.59,280695.25,356,389428.23,389428.23,0.0
2023-11-21,12537.73,88636.20,291456.35,366,389428.23,389428.23,0.0
2023-11-22,11334.65,92194.67,301698.54,380,389428.23,389428.23,0.0
2023-11-23,9594.83,81814.26,310715.87,394,389428.23,389428.23,0.0
2023-11-24,25607.00,101836.47,336203.53,409,389428.23,389428.23,0.0
2023-11-25,17600.87,92050.44,350507.76,424,389428.23,389428.23,0.0
2023-11-26,6601.88,89349.66,353605.50,435,389428.23,389428.23,0.0
2023-11-27,26818.08,110095.04,378653.91,454,389428.23,389428.23,0.0
2023-11-28,6577.57,104134.88,380428.09,467,389428.23,389428.23,0.0
2023-11-29,14659.07,107459.30,391474.62,486,389428.23,389428.23,0.0
2023-11-30,7188.08,105052.55,389428.23,491,389428.23,389428.23,0.0
2023-12-01,16199.78,95645.33,379366.65,493,419224.92,389428.23,7.7
2023-12-02,9906.04,87950.50,382574.29,497,419224.92,419224.92,0.0
2023-12-03,10272.79,91621.41,384691.75,498,419224.92,419224.92,0.0
2023-12-04,9859.21,74662.54,384097.23,498,419224.92,419224.92,0.0
2023-12-05,18749.86,86834.83,395071.56,503,419224.92,419224.92,0.0
2023-12-06,6979.18,79154.94,388627.38,498,419224.92,419224.92,0.0
2023-12-07,13038.98,85005.84,395286.35,505,419224.92,419224.92,0.0
2023-12-08,18174.83,86980.89,398937.69,510,419224.92,419224.92,0.0
2023-12-09,11960.93,89035.78,400710.66,522,419224.92,419224.92,0.0
2023-12-10,16785.55,95548.54,411967.61,531,419224.92,419224.92,0.0
2023-12-11,16443.29,102132.62,401053.23,527,419224.92,419224.92,0.0
2023-12-12,9567.15,92949.91,403391.80,534,419224.92,419224.92,0.0
2023-12-13,15530.95,101501.68,410951.89,539,419224.92,419224.92,0.0
2023-12-14,13187.94,101650.64,401274.71,541,419224.92,419224.92,0.0
2023-12-15,17329.65,100805.46,410828.18,543,419224.92,419224.92,0.0
2023-12-16,4899.22,93743.75,395752.16,544,419224.92,419224.92,0.0
2023-12-17,17592.37,94550.57,407759.74,548,419224.92,419224.92,0.0
2023-12-18,16931.92,95039.20,397304.76,544,419224.92,419224.92,0.0
2023-12-19,5655.47,91127.52,393657.57,539,419224.92,419224.92,0.0
2023-12-20,7061.08,82657.65,394645.95,536,419224.92,419224.92,0.0
2023-12-21,21707.29,91177.00,403815.51,543,419224.92,419224.92,0.0
2023-12-22,3372.96,77220.31,395853.82,536,419224.92,419224.92,0.0
2023-12-23,31774.84,104095.93,418033.83,543,419224.92,419224.92,0.0
2023-12-24,20980.23,107483.79,413407.06,541,419224.92,419224.92,0.0
2023-12-25,17020.01,107571.88,412826.20,537,419224.92,419224.92,0.0
2023-12-26,10819.75,112736.16,417044.07,535,419224.92,419224.92,0.0
2023-12-27,14207.27,119882.35,404433.26,528,419224.92,419224.92,0.0
2023-12-28,7695.45,105870.51,405551.14,529,419224.92,419224.92,0.0
2023-12-29,12313.15,114810.70,403205.22,523,419224.92,419224.92,0.0
2023-12-30,1869.76,84905.62,397886.90,515,419224.92,419224.92,0.0
2023-12-31,21338.02,85263.41,403025.14,505,419224.92,419224.92,0.0
2024-01-01,5573.49,73816.89,398692.59,496,84770.02,419224.92,-79.8
2024-01-02,1874.57,64871.71,390294.37,489,84770.02,84770.02,0.0
2024-01-03,2795.98,53460.42,383231.14,479,84770.02,84770.02,0.0
2024-01-04,3.11,45768.08,364484.39,461,84770.02,84770.02,0.0
2024-01-05,2768.92,36223.85,360274.13,451,84770.02,84770.02,0.0
2024-01-06,3975.11,38329.20,351210.26,433,84770.02,84770.02,0.0
2024-01-07,5613.25,22604.43,338648.68,417,84770.02,84770.02,0.0
2024-01-08,2159.65,19190.59,328847.40,398,84770.02,84770.02,0.0
2024-01-09,3532.49,20848.51,315594.34,382,84770.02,84770.02,0.0
2024-01-10,523.84,18576.37,299674.89,369,84770.02,84770.02,0.0
2024-01-11,4959.24,23532.50,295066.98,355,84770.02,84770.02,0.0
2024-01-12,1474.35,22237.93,281010.38,337,84770.02,84770.02,0.0
2024-01-13,3437.75,21700.57,271260.19,325,84770.02,84770.02,0.0
2024-01-14,5576.58,21663.90,259507.12,310,84770.02,84770.02,0.0
2024-01-15,2230.50,21734.75,256838.40,298,84770.02,84770.02,0.0
2024-01-16,2076.14,20278.40,241322.17,287,84770.02,84770.02,0.0
2024-01-17,2388.40,22142.96,226778.65,274,84770.02,84770.02,0.0
2024-01-18,1606.31,18790.03,222729.49,261,84770.02,84770.02,0.0
2024-01-19,8493.22,25808.90,224161.63,254,84770.02,84770.02,0.0
2024-01-20,608.20,22979.35,203062.54,234,84770.02,84770.02,0.0
2024-01-21,2506.61,19909.38,202196.19,227,84770.02,84770.02,0.0
2024-01-22,3836.26,21515.14,174257.61,208,84770.02,84770.02,0.0
2024-01-23,3207.88,22646.88,156485.26,198,84770.02,84770.02,0.0
2024-01-24,1899.13,22157.61,141364.38,187,84770.02,84770.02,0.0
2024-01-25,764.94,21316.24,131309.57,175,84770.02,84770.02,0.0
2024-01-26,3948.55,16771.57,121050.85,164,84770.02,84770.02,0.0
2024-01-27,940.76,17104.13,114296.16,152,84770.02,84770.02,0.0
2024-01-28,1862.38,16459.90,103845.39,134,84770.02,84770.02,0.0
2024-01-29,2966.14,15589.78,104941.77,133,84770.02,84770.02,0.0
2024-01-30,166.93,12548.83,83770.68,121,84770.02,84770.02,0.0
2024-01-31,999.34,11649.04,79196.53,118,84770.02,84770.02,0.0
2024-02-01,1550.13,12434.23,78872.09,118,61358.96,84770.02,-27.6
2024-02-02,1503.47,9989.15,77579.58,119,61358.96,61358.96,0.0
2024-02-03,3732.90,12781.29,81309.37,122,61358.96,61358.96,0.0
2024-02-04,2604.19,13523.10,81144.64,122,61358.96,61358.96,0.0
2024-02-05,467.75,11024.71,77637.28,120,61358.96,61358.96,0.0
2024-02-06,2004.91,12862.69,74028.94,119,61358.96,61358.96,0.0
2024-02-07,823.46,12686.81,72692.75,118,61358.96,61358.96,0.0
2024-02-08,100.39,11237.07,69260.65,115,61358.96,61358.96,0.0
2024-02-09,6041.83,15775.43,74778.64,117,61358.96,61358.96,0.0
2024-02-10,1085.31,13127.84,70904.71,114,61358.96,61358.96,0.0
2024-02-11,1667.48,12191.13,71097.84,116,61358.96,61358.96,0.0
2024-02-12,1371.77,13095.15,69031.86,114,61358.96,61358.96,0.0
2024-02-15,1066.15,12156.39,64521.43,112,61358.96,61358.96,0.0
2024-02-16,4239.29,15572.22,66530.22,111,61358.96,61358.96,0.0
2024-02-17,1086.57,16558.40,65540.65,112,61358.96,61358.96,0.0
2024-02-18,2298.33,12814.90,65450.58,112,61358.96,61358.96,0.0
2024-02-19,1899.48,13629.07,65743.75,113,61358.96,61358.96,0.0
2024-02-20,369.18,12330.77,57619.71,108,61358.96,61358.96,0.0
2024-02-21,4993.49,15952.49,62005.00,115,61358.96,61358.96,0.0
2024-02-22,4942.73,19829.07,64441.12,118,61358.96,61358.96,0.0
2024-02-23,4136.68,19726.46,64741.54,118,61358.96,61358.96,0.0
2024-02-24,1832.28,20472.17,63365.94,117,61358.96,61358.96,0.0
2024-02-25,679.49,18853.33,62146.30,115,61358.96,61358.96,0.0
2024-02-26,759.66,17713.51,62141.02,114,61358.96,61358.96,0.0
2024-02-27,3371.88,20716.21,61564.35,112,61358.96,61358.96,0.0
2024-02-28,3925.98,19648.70,64549.57,108,61358.96,61358.96,0.0
2024-02-29,2804.18,17510.15,65491.37,112,61358.96,61358.96,0.0
2024-03-01,1174.79,14548.26,63700.02,112,111066.42,61358.96,81.0
2024-03-02,4144.73,16860.71,67677.82,116,111066.42,111066.42,0.0
2024-03-03,1346.42,17527.64,68024.90,117,111066.42,111066.42,0.0
2024-03-04,981.34,17749.32,67456.11,116,111066.42,111066.42,0.0
2024-03-05,6999.64,21377.08,72952.28,119,111066.42,111066.42,0.0
2024-03-06,8328.13,25779.23,77547.51,122,111066.42,111066.42,0.0
2024-03-07,1275.83,24250.88,76219.15,121,111066.42,111066.42,0.0
2024-03-08,1512.51,24588.60,77263.91,122,111066.42,111066.42,0.0
2024-03-09,7348.38,27792.25,82607.38,127,111066.42,111066.42,0.0
2024-03-10,1430.66,27876.49,83214.58,133,111066.42,111066.42,0.0
2024-03-11,889.79,27784.94,84003.98,136,111066.42,111066.42,0.0
2024-03-12,544.74,21330.04,78506.89,134,111066.42,111066.42,0.0
2024-03-13,453.84,13455.75,77875.42,135,111066.42,111066.42,0.0
2024-03-14,1378.17,13558.09,77586.11,134,111066.42,111066.42,0.0
2024-03-15,7550.87,19596.45,83765.21,138,111066.42,111066.42,0.0
2024-03-16,1927.67,14175.74,84626.73,138,111066.42,111066.42,0.0
2024-03-17,1869.35,14614.43,82256.79,137,111066.42,111066.42,0.0
2024-03-18,1702.06,15426.70,82872.28,137,111066.42,111066.42,0.0
2024-03-19,6541.77,21423.73,87115.72,143,111066.42,111066.42,0.0
2024-03-20,1665.67,22635.56,86881.91,141,111066.42,111066.42,0.0
2024-03-21,4715.38,25972.77,91228.11,144,111066.42,111066.42,0.0
2024-03-22,1719.60,20141.50,87954.22,143,111066.42,111066.42,0.0
2024-03-23,750.78,18964.61,83762.27,138,111066.42,111066.42,0.0
2024-03-24,6705.93,23801.19,86331.52,140,111066.42,111066.42,0.0
2024-03-25,4387.48,26486.61,88886.72,144,111066.42,111066.42,0.0
2024-03-26,13246.75,33191.59,101453.98,148,111066.42,111066.42,0.0
2024-03-27,5430.66,36956.58,106124.98,150,111066.42,111066.42,0.0
2024-03-28,6903.55,39144.75,109656.65,150,111066.42,111066.42,0.0
2024-03-29,1466.15,38891.30,107196.82,155,111066.42,111066.42,0.0
2024-03-30,3422.24,41562.76,107814.88,153,111066.42,111066.42,0.0
2024-03-31,3251.54,38108.37,109891.63,152,111066.42,111066.42,0.0
2024-04-01,1537.67,35258.56,107284.57,151,100468.82,111066.42,-9.5
2024-04-02,3157.59,25169.40,109095.74,153,100468.82,100468.82,0.0
2024-04-03,902.38,20641.12,109016.78,151,100468.82,100468.82,0.0
2024-04-04,910.95,14648.52,102928.09,147,100468.82,100468.82,0.0
2024-04-05,2685.36,15867.73,97285.32,148,100468.82,100468.82,0.0
2024-04-06,850.97,13296.46,96860.46,148,100468.82,100468.82,0.0
2024-04-07,3671.14,13716.06,99019.09,152,100468.82,100468.82,0.0
2024-04-08,5128.25,17306.64,96798.96,148,100468.82,100468.82,0.0
2024-04-09,3839.68,17988.73,99207.98,146,100468.82,100468.82,0.0
2024-04-10,2063.74,19150.09,100381.93,147,100468.82,100468.82,0.0
2024-04-11,1946.45,20185.59,101783.64,148,100468.82,100468.82,0.0
2024-04-12,4988.96,22489.19,106318.76,152,100468.82,100468.82,0.0
2024-04-13,2441.23,24079.45,107381.82,155,100468.82,100468.82,0.0
2024-04-14,1178.76,21587.07,101009.71,152,100468.82,100468.82,0.0
2024-04-15,2448.25,18907.07,101530.29,155,100468.82,100468.82,0.0
2024-04-16,5927.38,20994.77,105588.32,162,100468.82,100468.82,0.0
2024-04-17,2686.86,21617.89,106573.12,162,100468.82,100468.82,0.0
2024-04-18,968.77,20640.21,101000.12,156,100468.82,100468.82,0.0
2024-04-19,9703.19,25354.44,109037.64,162,100468.82,100468.82,0.0
2024-04-20,1471.22,24384.43,105793.48,160,100468.82,100468.82,0.0
2024-04-21,3576.07,26781.74,107649.95,161,100468.82,100468.82,0.0
2024-04-22,5945.41,30278.90,112844.58,167,100468.82,100468.82,0.0
2024-04-23,5656.22,30007.74,111794.87,168,100468.82,100468.82,0.0
2024-04-24,243.36,27564.24,107650.75,162,100468.82,100468.82,0.0
2024-04-25,5608.93,32204.40,100012.93,162,100468.82,100468.82,0.0
2024-04-26,1210.76,23711.97,95793.03,162,100468.82,100468.82,0.0
2024-04-27,3723.32,25964.07,92612.80,166,100468.82,100468.82,0.0
2024-04-28,7269.75,29657.75,98416.40,167,100468.82,100468.82,0.0
2024-04-29,3818.45,27530.79,98812.61,169,100468.82,100468.82,0.0
2024-04-30,4907.75,26782.32,100468.82,169,100468.82,100468.82,0.0
2024-05-01,9385.26,35924.22,108316.41,173,132292.17,100468.82,31.7
2024-05-02,8841.27,39156.56,114000.09,176,132292.17,132292.17,0.0
2024-05-03,8748.58,46694.38,121846.29,180,132292.17,132292.17,0.0
2024-05-04,1172.44,44143.50,122107.78,179,132292.17,132292.17,0.0
2024-05-05,287.38,37161.13,119709.80,174,132292.17,132292.17,0.0
2024-05-06,5734.80,39077.48,124593.63,175,132292.17,132292.17,0.0
2024-05-07,12197.12,46366.85,133119.61,174,132292.17,132292.17,0.0
2024-05-08,3418.73,40400.32,131410.09,172,132292.17,132292.17,0.0
2024-05-09,2882.82,34441.87,130453.23,172,132292.17,132292.17,0.0
2024-05-10,2539.92,28233.21,130929.41,170,132292.17,132292.17,0.0
2024-05-11,4501.01,31561.78,133483.97,171,132292.17,132292.17,0.0
2024-05-12,1529.86,32804.26,130024.87,169,132292.17,132292.17,0.0
2024-05-13,3971.81,31041.27,131555.45,172,132292.17,132292.17,0.0
2024-05-14,3097.77,21941.92,133474.46,180,132292.17,132292.17,0.0
2024-05-15,879.68,19402.87,131905.89,176,132292.17,132292.17,0.0
2024-05-16,2385.85,18905.90,128364.36,173,132292.17,132292.17,0.0
2024-05-17,2069.25,18435.23,127746.75,173,132292.17,132292.17,0.0
2024-05-18,1611.39,15545.61,128389.37,174,132292.17,132292.17,0.0
2024-05-19,6669.96,20685.71,125356.14,172,132292.17,132292.17,0.0
2024-05-20,7426.53,24140.43,131311.45,174,132292.17,132292.17,0.0
2024-05-21,6790.72,27833.38,134526.10,173,132292.17,132292.17,0.0
2024-05-22,7569.29,34522.99,136149.98,170,132292.17,132292.17,0.0
2024-05-23,3660.25,35797.39,134154.01,170,132292.17,132292.17,0.0
2024-05-24,5513.55,39241.69,139424.20,175,132292.17,132292.17,0.0
2024-05-25,6087.40,43717.70,139902.67,174,132292.17,132292.17,0.0
2024-05-26,1891.03,38938.77,140582.94,177,132292.17,132292.17,0.0
2024-05-27,1780.63,33292.87,138640.25,174,132292.17,132292.17,0.0
2024-05-28,1605.92,28108.07,132976.42,175,132292.17,132292.17,0.0
2024-05-29,2321.39,22860.17,131479.36,176,132292.17,132292.17,0.0
2024-05-30,2598.33,21798.25,129169.94,177,132292.17,132292.17,0.0
2024-05-31,3122.23,19406.93,122906.91,173,132292.17,132292.17,0.0
2024-06-01,5157.95,18477.48,119223.59,168,107648.50,132292.17,-18.6
2024-06-02,5557.48,22143.93,116032.49,170,107648.50,107648.50,0.0
2024-06-03,6902.47,27265.77,121762.52,171,107648.50,107648.50,0.0
2024-06-04,3840.39,29500.24,125315.53,174,107648.50,107648.50,0.0
2024-06-05,276.10,27454.95,119856.83,170,107648.50,107648.50,0.0
2024-06-06,1520.80,26377.42,109180.51,170,107648.50,107648.50,0.0
2024-06-07,5425.21,28680.40,111186.99,177,107648.50,107648.50,0.0
2024-06-08,2315.46,25837.91,110619.63,177,107648.50,107648.50,0.0
2024-06-09,2251.75,22532.18,110331.46,178,107648.50,107648.50,0.0
2024-06-10,3089.56,18719.27,108920.01,177,107648.50,107648.50,0.0
2024-06-11,5003.51,19882.39,112393.66,177,107648.50,107648.50,0.0
2024-06-12,2322.53,21928.82,110744.38,170,107648.50,107648.50,0.0
2024-06-13,4908.87,25316.89,112555.48,160,107648.50,107648.50,0.0
2024-06-14,11392.28,31283.96,123068.08,163,107648.50,107648.50,0.0
2024-06-15,717.26,29685.76,121399.49,160,107648.50,107648.50,0.0
2024-06-16,1563.57,28997.58,120893.81,159,107648.50,107648.50,0.0
2024-06-17,3689.60,29597.62,122972.02,158,107648.50,107648.50,0.0
2024-06-18,893.77,25487.88,117195.83,158,107648.50,107648.50,0.0
2024-06-19,636.91,23802.26,110406.21,158,107648.50,107648.50,0.0
2024-06-20,905.45,19798.84,104520.94,154,107648.50,107648.50,0.0
2024-06-21,2244.92,10651.48,99196.57,155,107648.50,107648.50,0.0
2024-06-22,4084.32,14018.54,99620.64,156,107648.50,107648.50,0.0
2024-06-23,7878.27,20333.24,101985.36,156,107648.50,107648.50,0.0
2024-06-24,5360.39,22004.03,101258.35,158,107648.50,107648.50,0.0
2024-06-25,3853.19,24963.45,103220.51,155,107648.50,107648.50,0.0
2024-06-26,1323.91,25650.45,102763.79,156,107648.50,107648.50,0.0
2024-06-27,2971.96,27716.96,104129.83,151,107648.50,107648.50,0.0
2024-06-28,5296.81,30768.85,107105.25,152,107648.50,107648.50,0.0
2024-06-29,2598.43,29282.96,107105.35,152,107648.50,107648.50,0.0
2024-06-30,3665.38,25070.07,107648.50,152,107648.50,107648.50,0.0
2024-07-01,14821.00,34530.68,117311.55,158,236305.57,107648.50,119.5
2024-07-02,6787.51,37465.00,118541.58,162,236305.57,236305.57,0.0
2024-07-03,9667.11,45808.20,121306.22,169,236305.57,236305.57,0.0
2024-07-04,6722.54,49558.78,124188.37,173,236305.57,236305.57,0.0
2024-07-05,7378.10,51640.07,131290.37,179,236305.57,236305.57,0.0
2024-07-06,4260.75,53302.39,134030.32,180,236305.57,236305.57,0.0
2024-07-07,8506.06,58143.07,137111.17,182,236305.57,236305.57,0.0
2024-07-08,4601.25,47923.32,139396.96,184,236305.57,236305.57,0.0
2024-07-09,19765.20,60901.01,156910.41,191,236305.57,236305.57,0.0
2024-07-10,9259.13,60493.03,163079.98,204,236305.57,236305.57,0.0
2024-07-11,6846.32,60616.81,164922.79,214,236305.57,236305.57,0.0
2024-07-12,2650.61,55889.32,165250.87,220,236305.57,236305.57,0.0
2024-07-13,13967.10,65595.67,174309.10,237,236305.57,236305.57,0.0
2024-07-14,5545.46,62635.07,168462.28,238,236305.57,236305.57,0.0
2024-07-15,5706.10,63739.92,173451.12,248,236305.57,236305.57,0.0
2024-07-16,7655.38,51630.10,179542.93,261,236305.57,236305.57,0.0
2024-07-17,4109.56,46480.53,179962.89,266,236305.57,236305.57,0.0
2024-07-18,6857.51,46491.72,185926.63,273,236305.57,236305.57,0.0
2024-07-19,1224.28,45065.39,186514.00,276,236305.57,236305.57,0.0
2024-07-20,3751.40,34849.69,189359.95,283,236305.57,236305.57,0.0
2024-07-21,4938.09,34242.32,192053.12,283,236305.57,236305.57,0.0
2024-07-22,12126.87,40663.09,200095.67,287,236305.57,236305.57,0.0
2024-07-23,11404.77,44412.48,203622.17,295,236305.57,236305.57,0.0
2024-07-24,8670.52,48973.44,206932.30,297,236305.57,236305.57,0.0
2024-07-25,4890.39,47006.32,207969.50,301,236305.57,236305.57,0.0
2024-07-26,6723.72,52505.76,213369.31,307,236305.57,236305.57,0.0
2024-07-27,6773.56,55527.92,217170.91,315,236305.57,236305.57,0.0
2024-07-28,6852.53,57442.36,218726.63,315,236305.57,236305.57,0.0
2024-07-29,13602.92,58918.41,229731.12,319,236305.57,236305.57,0.0
2024-07-30,4245.21,51758.85,230310.95,321,236305.57,236305.57,0.0
2024-07-31,5994.62,49082.95,221484.57,323,236305.57,236305.57,0.0
2024-08-01,128.03,44320.59,214825.09,311,129372.35,236305.57,-45.3
2024-08-02,4575.35,42172.22,209733.33,305,129372.35,129372.35,0.0
2024-08-03,10573.95,45972.61,213584.74,305,129372.35,129372.35,0.0
2024-08-04,2721.50,41841.58,208928.14,304,129372.35,129372.35,0.0
2024-08-05,647.29,28885.95,205314.68,301,129372.35,129372.35,0.0
2024-08-06,3344.49,27985.23,200153.11,295,129372.35,129372.35,0.0
2024-08-07,5429.67,27420.28,200981.53,295,129372.35,129372.35,0.0
2024-08-08,4122.82,31415.07,185339.15,293,129372.35,129372.35,0.0
2024-08-09,6551.30,33391.02,182631.32,286,129372.35,129372.35,0.0
2024-08-10,6849.70,29666.77,182634.70,277,129372.35,129372.35,0.0
2024-08-11,174.51,27119.78,180158.60,272,129372.35,129372.35,0.0
2024-08-12,3494.00,29966.49,169685.50,255,129372.35,129372.35,0.0
2024-08-13,12229.45,38851.45,176369.49,257,129372.35,129372.35,0.0
2024-08-14,977.59,34399.37,171640.98,248,129372.35,129372.35,0.0
2024-08-15,6435.87,36712.42,170421.47,240,129372.35,129372.35,0.0
2024-08-16,4312.69,34473.81,170624.60,237,129372.35,129372.35,0.0
2024-08-17,4761.96,32386.07,168529.05,231,129372.35,129372.35,0.0
2024-08-18,2371.58,34583.14,169676.35,229,129372.35,129372.35,0.0
2024-08-19,5739.03,36828.17,171663.98,225,129372.35,129372.35,0.0
2024-08-20,6718.48,31317.20,173444.37,223,129372.35,129372.35,0.0
2024-08-21,281.86,30621.47,161599.36,215,129372.35,129372.35,0.0
2024-08-22,3214.31,27399.91,153408.90,209,129372.35,129372.35,0.0
2024-08-23,5907.63,28994.85,150646.01,205,129372.35,129372.35,0.0
2024-08-24,2829.46,27062.35,148585.08,205,129372.35,129372.35,0.0
2024-08-25,7268.03,31958.80,149129.39,199,129372.35,129372.35,0.0
2024-08-26,1414.73,27634.50,143770.56,192,129372.35,129372.35,0.0
2024-08-27,2997.30,23913.32,139915.33,189,129372.35,129372.35,0.0
2024-08-28,2600.95,26232.41,128913.36,187,129372.35,129372.35,0.0
2024-08-29,4814.94,27833.04,129483.09,186,129372.35,129372.35,0.0
2024-08-30,4360.96,26286.37,127849.43,178,129372.35,129372.35,0.0
2024-08-31,1522.92,24979.83,129244.32,184,129372.35,129372.35,0.0
2024-09-01,7162.44,24874.24,131831.41,188,153353.03,129372.35,18.5
2024-09-02,2083.44,25542.95,123340.90,184,153353.03,153353.03,0.0
2024-09-03,2479.67,25025.32,123099.07,180,153353.03,153353.03,0.0
2024-09-04,4772.30,27196.67,127224.08,182,153353.03,153353.03,0.0
2024-09-05,15868.06,38249.79,139747.65,190,153353.03,153353.03,0.0
2024-09-06,1942.77,35831.60,136260.75,185,153353.03,153353.03,0.0
2024-09-07,3023.98,37332.66,135161.91,181,153353.03,153353.03,0.0
2024-09-08,8311.74,38481.96,136922.35,180,153353.03,153353.03,0.0
2024-09-09,7684.00,44082.52,137756.65,179,153353.03,153353.03,0.0
2024-09-10,1556.03,43158.88,139138.17,179,153353.03,153353.03,0.0
2024-09-11,3788.41,42174.99,139432.58,180,153353.03,153353.03,0.0
2024-09-12,3322.76,29629.69,130525.89,177,153353.03,153353.03,0.0
2024-09-13,255.92,27942.84,129804.22,175,153353.03,153353.03,0.0
2024-09-14,1846.89,26765.75,125215.24,173,153353.03,153353.03,0.0
2024-09-15,1482.62,19936.63,122385.17,172,153353.03,153353.03,0.0
2024-09-16,4614.75,16867.38,122237.96,171,153353.03,153353.03,0.0
2024-09-17,4710.10,20021.45,124576.48,174,153353.03,153353.03,0.0
2024-09-18,11077.20,27310.24,129914.65,173,153353.03,153353.03,0.0
2024-09-19,4592.35,28579.83,127788.52,174,153353.03,153353.03,0.0
2024-09-20,6085.73,34409.64,133592.39,179,153353.03,153353.03,0.0
2024-09-21,3644.12,36206.87,134022.20,179,153353.03,153353.03,0.0
2024-09-22,1310.11,36034.36,129424.68,175,153353.03,153353.03,0.0
2024-09-23,15920.49,47340.10,142515.71,173,153353.03,153353.03,0.0
2024-09-24,3399.29,46029.29,138646.97,173,153353.03,153353.03,0.0
2024-09-25,13180.14,48132.23,150412.38,177,153353.03,153353.03,0.0
2024-09-26,5238.02,48777.90,152653.10,177,153353.03,153353.03,0.0
2024-09-27,3832.98,46525.15,153885.13,170,153353.03,153353.03,0.0
2024-09-28,4145.55,47026.58,153215.74,170,153353.03,153353.03,0.0
2024-09-29,2126.52,47842.99,150981.30,172,153353.03,153353.03,0.0
2024-09-30,3894.65,35817.15,153353.03,171,153353.03,153353.03,0.0
2024-10-01,4905.99,37323.85,151096.58,170,128397.54,153353.03,-16.3
2024-10-02,3560.48,27704.19,152573.62,170,128397.54,128397.54,0.0
2024-10-03,4692.65,27158.82,154786.60,177,128397.54,128397.54,0.0
2024-10-04,542.37,23868.21,150556.67,175,128397.54,128397.54,0.0
2024-10-05,4430.89,24153.55,139119.50,163,128397.54,128397.54,0.0
2024-10-06,3024.71,25051.74,140201.44,170,128397.54,128397.54,0.0
2024-10-07,2356.70,23513.79,139534.16,171,128397.54,128397.54,0.0
2024-10-08,3099.35,21707.15,134321.77,166,128397.54,128397.54,0.0
2024-10-09,8090.38,26237.05,134728.15,170,128397.54,128397.54,0.0
2024-10-10,5585.14,27129.54,138757.26,171,128397.54,128397.54,0.0
2024-10-11,6298.66,32885.83,141267.51,174,128397.54,128397.54,0.0
2024-10-12,2494.87,30949.81,140439.62,171,128397.54,128397.54,0.0
2024-10-13,5780.13,33705.23,145963.83,175,128397.54,128397.54,0.0
2024-10-14,1618.82,32967.35,145735.76,173,128397.54,128397.54,0.0
2024-10-15,1807.05,31675.05,146060.19,174,128397.54,128397.54,0.0
2024-10-16,3003.63,26588.30,144449.07,174,128397.54,128397.54,0.0
2024-10-17,2741.34,23744.50,142480.31,173,128397.54,128397.54,0.0
2024-10-18,3918.67,21364.51,135321.78,173,128397.54,128397.54,0.0
2024-10-19,1278.87,20148.51,132008.30,173,128397.54,128397.54,0.0
2024-10-20,1510.17,15878.55,127432.74,171,128397.54,128397.54,0.0
2024-10-21,2581.64,16841.37,126370.26,167,128397.54,128397.54,0.0
2024-10-22,12197.27,27231.59,137257.42,174,128397.54,128397.54,0.0
2024-10-23,3989.11,28217.07,125326.04,172,128397.54,128397.54,0.0
2024-10-24,4432.60,29908.33,126359.35,171,128397.54,128397.54,0.0
2024-10-25,5243.74,31233.40,118422.95,170,128397.54,128397.54,0.0
2024-10-26,3258.20,33212.73,116443.13,170,128397.54,128397.54,0.0
2024-10-27,11756.63,43459.19,124366.78,177,128397.54,128397.54,0.0
2024-10-28,10077.07,50954.62,130298.30,179,128397.54,128397.54,0.0
2024-10-29,1105.70,39863.05,129277.48,180,128397.54,128397.54,0.0
2024-10-30,1216.09,37090.03,126598.92,175,128397.54,128397.54,0.0
2024-10-31,1798.62,34456.05,123491.55,171,128397.54,128397.54,0.0
2024-11-01,19901.37,49113.68,139832.44,186,349137.94,128397.54,171.9
2024-11-02,10132.01,55987.49,145271.80,192,349137.94,349137.94,0.0
2024-11-03,21171.13,65401.99,165900.56,208,349137.94,349137.94,0.0
2024-11-04,18993.16,74318.08,180462.83,224,349137.94,349137.94,0.0
2024-11-05,9738.92,82951.30,187177.04,227,349137.94,349137.94,0.0
2024-11-06,11589.91,93325.12,196410.25,237,349137.94,349137.94,0.0
2024-11-07,9375.54,100902.04,202686.44,254,349137.94,349137.94,0.0
2024-11-08,6570.19,87570.86,201166.25,255,349137.94,349137.94,0.0
2024-11-09,11699.29,89138.14,207280.40,265,349137.94,349137.94,0.0
2024-11-10,11808.58,79775.59,212790.32,278,349137.94,349137.94,0.0
2024-11-11,13884.83,74667.26,224180.28,294,349137.94,349137.94,0.0
2024-11-12,7977.43,72905.77,226377.58,302,349137.94,349137.94,0.0
2024-11-13,19284.61,80600.47,244043.37,314,349137.94,349137.94,0.0
2024-11-14,12773.81,83998.74,255010.13,328,349137.94,349137.94,0.0
2024-11-15,9911.38,87339.93,261917.88,340,349137.94,349137.94,0.0
2024-11-16,8921.58,84562.22,268098.12,348,349137.94,349137.94,0.0
2024-11-17,10607.08,83360.72,274786.53,359,349137.94,349137.94,0.0
2024-11-18,5469.77,74945.66,278977.43,367,349137.94,349137.94,0.0
2024-11-19,15419.01,82387.24,292886.27,379,349137.94,349137.94,0.0
2024-11-20,6059.49,69162.12,296364.12,388,349137.94,349137.94,0.0
2024-11-21,8992.98,65381.29,293159.83,398,349137.94,349137.94,0.0
2024-11-22,7829.59,63299.50,297000.31,412,349137.94,349137.94,0.0
2024-11-23,13679.11,68057.03,306246.82,424,349137.94,349137.94,0.0
2024-11-24,6788.60,64238.55,307791.68,429,349137.94,349137.94,0.0
2024-11-25,3754.36,62523.14,308287.84,439,349137.94,349137.94,0.0
2024-11-26,27278.62,74382.75,323809.83,458,349137.94,349137.94,0.0
2024-11-27,18574.63,86897.89,332307.39,467,349137.94,349137.94,0.0
2024-11-28,13458.16,91363.07,344659.85,477,349137.94,349137.94,0.0
2024-11-29,1255.75,84789.23,344699.51,483,349137.94,349137.94,0.0
2024-11-30,6237.05,77347.17,349137.94,493,349137.94,349137.94,0.0
2024-12-01,30212.92,100771.49,359449.49,495,423632.66,349137.94,21.3
2024-12-02,12298.49,109315.62,361615.97,498,423632.66,423632.66,0.0
2024-12-03,12383.89,94420.89,352828.73,493,423632.66,423632.66,0.0
2024-12-04,20489.34,96335.60,354324.91,499,423632.66,423632.66,0.0
2024-12-05,13265.29,96142.73,357851.28,502,423632.66,423632.66,0.0
2024-12-06,8667.56,103554.54,354928.93,501,423632.66,423632.66,0.0
2024-12-07,11079.17,108396.66,356632.56,498,423632.66,423632.66,0.0
2024-12-08,22104.03,100287.77,372166.40,518,423632.66,423632.66,0.0
2024-12-09,9722.70,97711.98,370189.81,521,423632.66,423632.66,0.0
2024-12-10,4957.62,90285.71,363338.85,516,423632.66,423632.66,0.0
2024-12-11,18621.78,88418.15,368075.80,516,423632.66,423632.66,0.0
2024-12-12,7839.68,82992.54,367938.05,518,423632.66,423632.66,0.0
2024-12-13,15836.83,90161.81,364490.27,523,423632.66,423632.66,0.0
2024-12-14,34102.87,113185.51,385819.33,529,423632.66,423632.66,0.0
2024-12-15,12768.61,103850.09,388676.56,528,423632.66,423632.66,0.0
2024-12-16,9905.42,104032.81,389660.40,525,423632.66,423632.66,0.0
2024-12-17,12298.35,111373.54,391351.67,527,423632.66,423632.66,0.0
2024-12-18,3107.77,95859.53,388989.67,527,423632.66,423632.66,0.0
2024-12-19,5822.53,93842.38,379393.19,524,423632.66,423632.66,0.0
2024-12-20,25744.31,103749.86,399078.01,529,423632.66,423632.66,0.0
2024-12-21,20413.10,90060.09,410498.13,528,423632.66,423632.66,0.0
2024-12-22,17226.91,94518.39,419895.45,528,423632.66,423632.66,0.0
2024-12-23,11856.73,96469.70,418073.07,528,423632.66,423632.66,0.0
2024-12-24,15350.09,99521.44,426634.56,535,423632.66,423632.66,0.0
2024-12-25,10427.14,106840.81,433307.34,536,423632.66,423632.66,0.0
2024-12-26,11109.61,112127.89,417138.33,525,423632.66,423632.66,0.0
2024-12-27,9545.75,95929.33,408109.45,525,423632.66,423632.66,0.0
2024-12-28,13093.11,88609.34,407744.40,524,423632.66,423632.66,0.0
2024-12-29,10151.69,81534.12,416640.34,533,423632.66,423632.66,0.0
2024-12-30,13229.37,82906.76,423632.66,536,423632.66,423632.66,0.0
